-- ******************************** USERS ********************************
-- Passwords for users:
-- dragan pass: dragan
--sima pass: sima
--somi pass: somi
--brmbrm pass: lozinka
--buki(k****) pass: lozinka
--dop pass: dop123
--author pass: author
--tourist pass- tourist
--veljko pass- veljko
--bosko pass- bosko
--mile pass- tourist 
--zora pass- tourist 
--luka pass- tourist 
INSERT INTO stakeholders."Users"(
	"Id", "Username", "Password", "Role", "IsActive","ProfilePicture")
	VALUES (-168, 'dragan', '$2a$12$wK5oRUsOmY.QZB2aNUTNweKfI3ZdYfxy8iAMcMEpa.pbaLvTXX70W', 2, 'True', 'https://www.espreso.co.rs/data/images/2023/01/17/12/1317487_sin-dragan_share.jpg'),
	(-169, 'sima', '$2a$12$gHLoc9WrjCdW0xDPAfdm0.aceGyqJaSemsk107tO.tcxAmYWeohgO', 2, 'True', 'https://media.discordapp.net/attachments/605735235476520972/1175913776986460180/1700430082262.jpg'),
	(-170, 'somi', '$2a$12$2TY7aJLFJts01ny.UyRMU.1V7NNWCbplb1UUPEx/x/Ya8yXihtDrm', 1, 'True', 'https://cdn.discordapp.com/attachments/1165638888082124852/1173981466925994095/image.png'),
	(-171, 'brmbrm', '$2a$12$0W/JBzV6WiDLyP.mU5ECn.LHZoUm6o/A7P9/oybd4wZdc4sfAt90m', 2, 'True', 'https://cdn.discordapp.com/attachments/1165638888082124852/1174057297807409222/1699987465617.jpg?ex=65663510&is=6553c010&hm=9e7d8441134deebb3d03cd901b291eb2eabccb325c856ff7ead67a8e508d74d5&'),
	(-172, 'buki(k****)', '$2a$12$0W/JBzV6WiDLyP.mU5ECn.LHZoUm6o/A7P9/oybd4wZdc4sfAt90m', 2, 'True', 'https://cdn.discordapp.com/attachments/1165638888082124852/1174057297484451890/1699987465609.jpg?ex=65663510&is=6553c010&hm=76cd42499b60ee0eeb1d21c1d7268158c9f6369dcbf1f5152e6fa8d15fb4359e&'),
    (-1, 'dop', '$2a$12$l/cp/IIoC4pj1CeCK28rH.h01LOND0TfGaQCJnJJsxwIyfMRgZunq', 0, true, ''),
    (-2, 'author', '$2a$12$lYBkk9QFF9LBNhrfsDDDeed5XSpTfMwlQmkrMZL3dpzXN2as8dx/O', 1, true, 'https://imgs.search.brave.com/n8Gm53DmrCXkPu9d7FpTq1FLO8Nj00zDwzTlFac8HH4/rs:fit:860:0:0/g:ce/aHR0cHM6Ly9pbWcu/ZnJlZXBpay5jb20v/cHJlbWl1bS1waG90/by9oYW5kc29tZS10/b3VyaXN0LW1hbi1s/b29rLW1hcC13aGls/ZS1wb2ludGluZy1m/aW5nZXItZGlyZWN0/aW9uLWRlc3RpbmF0/aW9uLXRyYXZlbC1j/b25jZXBfNTY4NTQt/Mzk4NS5qcGc_c2l6/ZT02MjYmZXh0PWpw/Zw'),
    (-3, 'tourist', '$2a$12$DVn357kN0RhFGjVWFuWx7Oxd4sHrQ3oGEnJjkMdG1BhlNx7rPq3Fu', 2, true, 'https://imgs.search.brave.com/_8gIhJxRAq9aqREpTnh_wGcNfv4JwgEssYFmzKDWow8/rs:fit:860:0:0/g:ce/aHR0cHM6Ly9tZWRp/YS5nZXR0eWltYWdl/cy5jb20vaWQvMTMw/MTAwMzg3NC9waG90/by95b3VuZy13b21h/bi1hcnJpdmluZy1h/dC1hLXRyb3BpY2Fs/LXJlc29ydC1mb3It/aGVyLXZhY2F0aW9u/LmpwZz9zPTYxMng2/MTImdz0wJms9MjAm/Yz1BT3N1eWltalZm/QkducTZZeVVhOVZ0/aXRQWE9rdWJOMDFq/TFp0R19lb1ZjPQ'),
    (-4, 'veljko', '$2y$10$2i4JzB5nXynZATPKSIE5k.R3rdXplw09TaD9d.bNaVg.xCqNM90nu', 2, true, 'https://imgs.search.brave.com/n8Gm53DmrCXkPu9d7FpTq1FLO8Nj00zDwzTlFac8HH4/rs:fit:860:0:0/g:ce/aHR0cHM6Ly9pbWcu/ZnJlZXBpay5jb20v/cHJlbWl1bS1waG90/by9oYW5kc29tZS10/b3VyaXN0LW1hbi1s/b29rLW1hcC13aGls/ZS1wb2ludGluZy1m/aW5nZXItZGlyZWN0/aW9uLWRlc3RpbmF0/aW9uLXRyYXZlbC1j/b25jZXBfNTY4NTQt/Mzk4NS5qcGc_c2l6/ZT02MjYmZXh0PWpw/Zw'),
    (-5, 'bosko', '$2y$10$BfKyogjaZczuKc/HuNm3Jeapm.4R5ycfcinL/ZwqTiSSFNXqREFjG', 2, true, 'https://imgs.search.brave.com/n8Gm53DmrCXkPu9d7FpTq1FLO8Nj00zDwzTlFac8HH4/rs:fit:860:0:0/g:ce/aHR0cHM6Ly9pbWcu/ZnJlZXBpay5jb20v/cHJlbWl1bS1waG90/by9oYW5kc29tZS10/b3VyaXN0LW1hbi1s/b29rLW1hcC13aGls/ZS1wb2ludGluZy1m/aW5nZXItZGlyZWN0/aW9uLWRlc3RpbmF0/aW9uLXRyYXZlbC1j/b25jZXBfNTY4NTQt/Mzk4NS5qcGc_c2l6/ZT02MjYmZXh0PWpw/Zw'),
    (-6, 'mile', '$2a$12$DVn357kN0RhFGjVWFuWx7Oxd4sHrQ3oGEnJjkMdG1BhlNx7rPq3Fu', 2, true, 'https://imgs.search.brave.com/n8Gm53DmrCXkPu9d7FpTq1FLO8Nj00zDwzTlFac8HH4/rs:fit:860:0:0/g:ce/aHR0cHM6Ly9pbWcu/ZnJlZXBpay5jb20v/cHJlbWl1bS1waG90/by9oYW5kc29tZS10/b3VyaXN0LW1hbi1s/b29rLW1hcC13aGls/ZS1wb2ludGluZy1m/aW5nZXItZGlyZWN0/aW9uLWRlc3RpbmF0/aW9uLXRyYXZlbC1j/b25jZXBfNTY4NTQt/Mzk4NS5qcGc_c2l6/ZT02MjYmZXh0PWpw/Zw'),
    (-7, 'zora', '$2a$12$DVn357kN0RhFGjVWFuWx7Oxd4sHrQ3oGEnJjkMdG1BhlNx7rPq3Fu', 2, true, 'https://imgs.search.brave.com/n8Gm53DmrCXkPu9d7FpTq1FLO8Nj00zDwzTlFac8HH4/rs:fit:860:0:0/g:ce/aHR0cHM6Ly9pbWcu/ZnJlZXBpay5jb20v/cHJlbWl1bS1waG90/by9oYW5kc29tZS10/b3VyaXN0LW1hbi1s/b29rLW1hcC13aGls/ZS1wb2ludGluZy1m/aW5nZXItZGlyZWN0/aW9uLWRlc3RpbmF0/aW9uLXRyYXZlbC1j/b25jZXBfNTY4NTQt/Mzk4NS5qcGc_c2l6/ZT02MjYmZXh0PWpw/Zw'),
    (-8, 'luka', '$2a$12$DVn357kN0RhFGjVWFuWx7Oxd4sHrQ3oGEnJjkMdG1BhlNx7rPq3Fu', 2, true, 'https://imgs.search.brave.com/n8Gm53DmrCXkPu9d7FpTq1FLO8Nj00zDwzTlFac8HH4/rs:fit:860:0:0/g:ce/aHR0cHM6Ly9pbWcu/ZnJlZXBpay5jb20v/cHJlbWl1bS1waG90/by9oYW5kc29tZS10/b3VyaXN0LW1hbi1s/b29rLW1hcC13aGls/ZS1wb2ludGluZy1m/aW5nZXItZGlyZWN0/aW9uLWRlc3RpbmF0/aW9uLXRyYXZlbC1j/b25jZXBfNTY4NTQt/Mzk4NS5qcGc_c2l6/ZT02MjYmZXh0PWpw/Zw');


-- ******************** SHOPPING CART *******************************
INSERT INTO payments."ShoppingCarts"(
	"Id", "TouristId", "TotalPrice", "IsPurchased")
	VALUES
		(-1, -168, 0, false),
		(-2, -169, 0, false),
		(-3, -171, 0, false),
		(-4, -172, 0, false),
		(-5, -3, 0, false);


-- ******************************** PEOPLE ********************************

INSERT INTO stakeholders."People" ("Id", "UserId", "Name", "Surname", "Email", "Bio", "Motto") VALUES (-169, -169, 'Filip', 'Simic', 'fsimic346@gmail.com', NULL, 'Brt, guglaj o.0'),
(-170, -170, 'Milos', 'Milutinovic', 'somi@gmail.com', NULL, NULL),
(-168, -168, 'Dragoslav', 'Maslac', 'gagi@gmail.com', NULL, NULL),
(-171, -171, 'Vlada', 'Devic', 'brmbrm@gmail.com', NULL, NULL),
(-172, -172, 'Mihajlo', 'Bukarica', 'buki@gmail.com', NULL, NULL),
(-1, -2, 'John', 'Johnson', 'author@gmail.com', 'I love making tours.', 'Never give up.'),
(-2, -3, 'Charles', 'Smith', 'nikolicveljko01@gmail.com', 'I love tours.', 'Stay strong.'),
(-3, -4, 'Veljko', 'Nikolić', 'nikolicveljko01@gmail.com', 'I love tours.', 'Stay strong.'),
(-4, -5, 'Boško', 'Kulušić', 'kulusicbosko@gmail.com', 'I love tours.', 'Stay strong.'),
(-5, -6, 'Mile', 'Kitic', 'mile@gmail.com', 'I love tours.', 'Stay strong.'),
(-6, -7, 'Zora', 'Belic', 'zore@gmail.com', 'I love tours.', 'Stay strong.'),
(-7, -8, 'Lukas', 'Bale', 'nikola3444@gmail.com', 'I love tours.', 'Stay strong.');

-- ***************** WALLETS **********************
INSERT INTO payments."Wallets"(
	"Id", "TouristId", "AdventureCoin")
	VALUES
		(-1, -3, 10000),
		(-2, -168, 200),
		(-3, -169, 500),
		(-4, -170, 400),
		(-5, -171, 800),
		(-6, -172, 150),
		(-7, -4, 10000),
		(-8, -5, 10000),
		(-9, -6, 10000),
		(-10, -7, 10000),
		(-11, -8, 10000);

-- **************************** TOUR TOKENS ************************************
INSERT INTO payments."tourTokens"(
	"Id", "TourId", "TouristId")
	VALUES  (-1, -21, -3),
	 (-2, -21, -169),
	 (-3, -21, -6),
	 (-4, -21, -7),
	 (-5, -21, -8),
	 (-6, -22, -3),
	 (-7, -22, -6),
	 (-8, -22, -7),
	 (-9, -25, -8),
	 (-10, -27, -3),
	 (-11, -27, -169);

-- ******************************** FOLLOWERS ******************************

INSERT INTO stakeholders."Followers" ("Id", "UserId", "FollowedById") VALUES (-1, -170, -169),
(-2, -172, -169),
(-3, -171, -169),
(-4, -168, -169),
(-5, -169, -168),
(-6, -169, -170);

-- ******************************** BLOGS ********************************

INSERT INTO blog."Blogs" ("Id", "Title", "Description", "Date", "Status", "AuthorId", "Votes", "VisibilityPolicy") VALUES (-11, 'Off-the-Beaten-Path Travel', 'Lorem ipsum dolor sit amet, consectetur adipiscing elit, sed do eiusmod tempor incididunt ut labore et dolore magna aliqua. Sed pulvinar proin gravida hendrerit lectus. Gravida dictum fusce ut placerat orci nulla. Lectus vestibulum mattis ullamcorper velit sed ullamcorper morbi tincidunt. Quis blandit turpis cursus in hac habitasse platea dictumst. Dolor sit amet consectetur adipiscing elit ut. Etiam tempor orci eu lobortis elementum nibh tellus molestie nunc. Nunc sed augue lacus viverra vitae. Sed libero enim sed faucibus. Placerat vestibulum lectus mauris ultrices eros in. Vel eros donec ac odio tempor orci. Et pharetra pharetra massa massa. Gravida arcu ac tortor dignissim convallis aenean. Tempor commodo ullamcorper a lacus vestibulum.', '2023-11-14 00:00:00+01', 3, -170, '[{"UserId": -168, "VoteType": 1}, {"UserId": -170, "VoteType": 1}]', 0),
(-12, 'Historical Wonders: Time Travel Edition', 'Lorem ipsum dolor sit amet, consectetur adipiscing elit, sed do eiusmod tempor incididunt ut labore et dolore magna aliqua. Sed pulvinar proin gravida hendrerit lectus. Gravida dictum fusce ut placerat orci nulla. Lectus vestibulum mattis ullamcorper velit sed ullamcorper morbi tincidunt. Quis blandit turpis cursus in hac habitasse platea dictumst. Dolor sit amet consectetur adipiscing elit ut. Etiam tempor orci eu lobortis elementum nibh tellus molestie nunc. Nunc sed augue lacus viverra vitae. Sed libero enim sed faucibus. Placerat vestibulum lectus mauris ultrices eros in. Vel eros donec ac odio tempor orci. Et pharetra pharetra massa massa. Gravida arcu ac tortor dignissim convallis aenean. Tempor commodo ullamcorper a lacus vestibulum.', '2023-11-14 00:00:00+01', 1, -169, '[{"UserId": -168, "VoteType": 0}, {"UserId": -170, "VoteType": 0}]', 0),
(-13, 'Urban Wanderlust: City Exploration', 'Lorem ipsum dolor sit amet, consectetur adipiscing elit, sed do eiusmod tempor incididunt ut labore et dolore magna aliqua. Sed pulvinar proin gravida hendrerit lectus. Gravida dictum fusce ut placerat orci nulla. Lectus vestibulum mattis ullamcorper velit sed ullamcorper morbi tincidunt. Quis blandit turpis cursus in hac habitasse platea dictumst. Dolor sit amet consectetur adipiscing elit ut. Etiam tempor orci eu lobortis elementum nibh tellus molestie nunc. Nunc sed augue lacus viverra vitae. Sed libero enim sed faucibus. Placerat vestibulum lectus mauris ultrices eros in. Vel eros donec ac odio tempor orci. Et pharetra pharetra massa massa. Gravida arcu ac tortor dignissim convallis aenean. Tempor commodo ullamcorper a lacus vestibulum.', '2023-11-14 00:00:00+01', 0, -170, '[]', 0),
(-14, 'Team building grupa 1 (produžeci)', 'Lorem ipsum dolor sit amet, consectetur adipiscing elit, sed do eiusmod tempor incididunt ut labore et dolore magna aliqua. Sed pulvinar proin gravida hendrerit lectus. Gravida dictum fusce ut placerat orci nulla. Lectus vestibulum mattis ullamcorper velit sed ullamcorper morbi tincidunt. Quis blandit turpis cursus in hac habitasse platea dictumst. Dolor sit amet consectetur adipiscing elit ut. Etiam tempor orci eu lobortis elementum nibh tellus molestie nunc. Nunc sed augue lacus viverra vitae. Sed libero enim sed faucibus. Placerat vestibulum lectus mauris ultrices eros in. Vel eros donec ac odio tempor orci. Et pharetra pharetra massa massa. Gravida arcu ac tortor dignissim convallis aenean. Tempor commodo ullamcorper a lacus vestibulum.', '2023-11-14 00:00:00+01', 1, -170, '[]', 0),
(-15, 'Team building grupa 1', 'Divno veče u ambijentu još divnijih ljudi huh', '2023-11-14 00:00:00+01', 1, -170, '[]', 0);


INSERT INTO blog."Comments" ("Id", "AuthorId", "BlogId", "CreatedAt", "UpdatedAt", "Text") VALUES (-1, -168, -11, '2023-11-14 13:49:10.108651+01', NULL, 'dobar blog!'),
(-2, -168, -11, '2023-11-14 13:49:23.737314+01', NULL, 'opet sam procitao, i jos je bolji...'),
(-4, -170, -14, '2023-11-14 13:49:10.108651+01', NULL, 'dobar blog!'),
(-5, -171, -14, '2023-11-14 13:58:16.459035+01', NULL, 'mene na pivo ne zovete, a?'),
(-6, -172, -14, '2023-11-14 13:49:10.108651+01', NULL, 'ni ja nisam pozvan 😔'),
(-3, -169, -14, '2023-11-14 13:58:16.459035+01', NULL, 'drugi put');

-- ************************** ENCOUNTERS *********************************

INSERT INTO encounters."Encounters" ("Id", "Title", "Description", "Picture", "Longitude", "Latitude", "Radius", "XpReward", "Status", "Type", "Instances") VALUES 
(-9, 'Balans', 'Pojesti Å¡varcvald balansaru za manje od 4 minute.', 'data:image/jpeg;base64,/9j/4AAQSkZJRgABAQAAAQABAAD/2wCEAAkGBw8NDw8NDg0PDw8NDw8PDxAODw8PEA8QFRUYFhYRFRUZHyggGRsxGxUVITEiJSorLi4uGCAzODMsOCouLisBCgoKDg0OGhAQGi0lHR8tLS0tMC0tLy0vLSswLS0rKy0rLS0vLystLS4tLS0rLS0vLSsuLS0tKy0tLS0tLS0tLf/AABEIAOEA4QMBIgACEQEDEQH/xAAcAAADAAMBAQEAAAAAAAAAAAAAAQIFBgcEAwj/xABKEAABAwIEAgcDBwcLAwUAAAABAAIDBBEFBhIhEzEHIkFRYYGRFDJxFiNSVaGx00JydJOywdEVFzM0NUNic4KSsyRUolNjwtLw/8QAGwEAAwEBAQEBAAAAAAAAAAAAAAECAwQFBgf/xAA9EQABAwIEAgcGAwUJAAAAAAABAAIRAyEEEjFBBVEGEyJhcYGRMqGxwdHwQrLhFCMzYvEVJDRScoKiwvL/2gAMAwEAAhEDEQA/AObJoCpfQr0gEIQiyFSE7J2TThXCSaadkJgJWRZNFk1UIQnZFkJwiyVlVkWQnCmyFVkWQiFKE7IshKErKbK7JIShSkrspskphIhSrQiEoUITISSUEJFSrQUJKEJoQphUhCAhWmAqQhNWAhACYCoIVAJIATATsmrASsnZNCFUIsmiy+tPTySu0Rxue4/ksa559BujvThfFC2KkyXXy7mDhjvlcIz6bn7FkY+jqrPvTUzfg+Yn9heZV41w+kYfXZPc4H8sp2WmIW6P6Oaoe7PSn4umb/8AArxVWRq9m4jik/y5Rf0dZJnHOGvMCuzzcB8YRZaylZe6twmpp/6anljA7Xxua3/dy+1eIr02Oa9uZpkcxceoskpslZWkmiFFkKrJEIUEKbJKyFJSUEKUiFalCmFKEyEklJQhJNCSFQSCpMKwhMBIKwhUAgIAQAqTVgIQmnZC0ASsvrT07pXNjja573mwa0anX8AqpaZ872xRtL3yFrWgcySut5Xy5HQsubPncPnJbcv8DD2N+/7vH4zxmlwykC4Znu9lvPmTyaNOZNhuQGywGA5AAAkrXEk78CNwAHg9/b8G2+JW7UlFFTt0QxMib3MaGX8TbmvsAqsvyviHF8Xj3TXfI2bo0eA+Zk96klKyLKrJ2XlqZUWQQrslZOU5UFqwuK5Xo6q5dAI3H8uENjffvNtj5grOEJELow2JrYZ+ei4tPNpI+GvgU5XJ8xZMnpAZYzx4BuS0deMd7m93iPsWr2Xfiua59y22nPtcDdMT3aXsHJjzuHDuafsPx2/ROj/Sc4t4w2KjOfZcLZjyI0DuREA6QDE0FpaSohJfZoUkJEKkiEKCFJSTKCkoIUqFaRQoKlCE0koVJhJUE1QCEwkFQTWgCYTSVBC0hMBNCYG4tzuqAkwrAXQ+jfBg2N1a8dZ+qOK/5LBsXfEkW+A8VvAXmwymEEMMDf7qOOP0FnFcyx3NdZNNI2OWSCIOc1rI3GM2Bt1nDe/fuvypuCxPSLH1qtNwDRuZs2SGAAakgSdBMnU3kAuK6s6QNF3ENHe+zQvBUZgoor66yC45hsgefRtyuRR0tVVHU1lRMfpBssv8VlKbJuISWvBoHfK9jD6Xv9i9M9EsDhv8XiwO7ss/MXT6I6tu5W8zZ6w9v95JJ+ZETf8A3ELwzdIdKPcgqHfnCFv3OK0HFcKmpJDFMzQ4C4N7tc3sc0jmFs2W8mwV0InFW7npkjbGzVG7npJLj5G24XZW4BwLB0G4isXOYYgy5wM6fw2jXY2lNzGASV7JOkkfk0Zt3um39AxfP+cl3/Zs/Wu/gsmej+hjGqSonAHNzpIGN9dKw2KUOB04IbNU1Dx+TBLG4eb9On7VhhqfR3Euy4fDPef5RVPqS+3nCQNMmAD9+a91N0jxuPztJI0d8cjH/YQ371teF4nDWRCaB2pt9JBAa5rhza4DkdwuNNpjPLw4IpDrNo2A8R3wuAL/ABsF1jKWCmhpuG8gyvcZJLbhriAA0fAAed1zdJ+EcNwOHa+kCyoSIbmJkfiJBLiI0kGCbXRUa1qy5XlxOjbUQywO5SsdH8CRsfI2PkvWVJXw7KjqZzsMEXB5EaFQuCvaQ5wIsQ4gjuI5hSVkMdbaqqQOQqJwP1jl4Cv3tr87Q7nB9brXZQkqKSahQVKspFCzIUFCpSkoKVkJoTUphNIJhCsJhUEgmhaBMK1ITCa0ATC+kGz2eDm/eoTA3HxVN1C0aF3kfvK8zcJpdZl9lp9ZJJfwY9RJ5m9ufijCqgTQQyj+8hjf8CWC49V6wvwSauHLmAkH2TBI01B81zlU3u/evoF8wrC5oCgrF5hwSOvh4brNkZd0Mlt2O7j/AIT2j94C5Vx6rDZZYmySwv3ZIGEtuBve/wBoI7/FdrC1/OWWxXxa2ACoib1Dy1t58Mn7j2H4lfW9GuOtwx/ZMVBoO53DTPf+EnUGwMO5zdKoG9l2hXMJI6uptI4Ty35OIml9Cbqf5Kqf+2m/VS/wW69HWMOY5+HTXFi50IdqBDxYOiIPLtNvBy3xx+P2r6Pi/Sqvw3EnDPoCBdpzWLToQIgciBoQRfVbPqljssLk2E4nXULbRUbRf3nOpX63fnScysizpAqmbS0kJ/NEsZ+0lb1V4vSwbyVcLD3GZur05rXcSzxStGmNklS47AabRk913C/oCvPpYv8AtN+b+y85OrgS3/nlHx8FDTmvl9EYbnmlmIbM19O42F3lro7/AJw3HxIstnLu3s5rn9NlyfEpxUVEDKODq9SKIQueL8g3nfvcfJbZmOqFNRzu920LomW7HOGhtvX7F5PGeHYL9opYfBGKjzlc0OztaSQAA7c3uJPkggT2VyCum4sssv05Xv8A9zif3rzqykv1mALDRakKVBVlJJQVJUlUpKSzKkqSqKChZFSkqQklCAqClU1NUFQTCAgIWgVoCAmE1oE0wkFQTWoXS+jrEhJTmnJ+cgcSB3xE3Ho648wttC4zgWJPo52TM3A2e36cZ95v/wC7QF2Chq46iNk0Tg5kgu0j7j3G+xC/LOlvC3YfFnENHYq38HfiB8buHnyKxqNgyvSFYXzBTBXyCxXyqYZH+5MYvhGx/wC0sfLhlUeWJSj82mpx91lmAUXXXRx1WiIaGedOm73uYSkDC0DMOVZ4Q6ujqZJZmOD5DpEUgAG8jS08xYX8FkYMpRVUccstbVytlYx/WkadnC/aD3rbSogibGxsbBpYxoa0dzRsAvaPSjHdQ1jX5XtNnNa0dmLNgC2Ujs5QBBI2E2ajoHctegyPQt95skn+ZL/9AFl6PC6eD+ip4Yz9JkY1f7ua9hKkleTieK43EgivWe4HYuMekx7ki5x1KRK0PpKxH+io2n/3n/8Ak1g/aPmFuOJ17KaF88h6sYvYc3O5ho8SVx3Eax9RLJPIbulc53gO4DwAsPJfTdDeGGriTi3DsU9O9xH/AFBnuOVa0myZ5LxEIKoqCv01bEKSgpqSksypKCqKhJZlSUlRUoWZClCaElCoJhSFQTVhNU1SqamtAqCpSEwhahUFYUBUFQWgVLP5WzG+hfocC+F5u9naD9Nnj4dqwKFjicNSxNJ1Gs2Wu1H03BGoI0VwCLrttFWxVEbZYXh7HciOw9xHYfAr0ArjGFYrPSP4kMhbe2pt7teO5zeR+9bzhOeYZAG1LDC7tcxuqM+V9Q+34r8y4r0RxeHJfhpqM7vaHiPxeLRJ3aFzvoOGl1uF0XXmpa6GcXimjkH+CRr/AFA5L76l8i9pY4tcII2Nj6FYQruldTqUTzsjBdI9rGjm6RwY0ebkmjMYGqUL6Er4VtVHCx0srwxjRcuP3DvPgtfxXOdLDdsRM7/8FuGD4vPPyutDxnG56115X2aPdjbtGz4Dv8Tuvq+E9FMXinB1cGnT7x2iP5Wm/mRG4DtFuyi462C9OacwvrpAG3bDGToYeZP03f4vuHnfBJoX6jhsNSw1JtGk2Gt0H3qTqTuV05Q0QFBUlUVJWxUlJSVRUlSsikoVhQhZFIqSqKkpLMoSQkkpVBUFIVBNUE1TVKpqa0CoJhILsmVej3D5aKmnnjkkkqIIpnHiyMDeI0O0gNI2ANllWrtpCXb8kqtdtIAu3XHgqC7o3o5wg3ApzcbG08pI/wDJaL0g5IZhrGVNM97oXv4b2SEOdG4glpDu1uxG/Lbc3WdLGU6jsokE8/6pUcbSqOyiQTz/AKrSEJxtLi1jQSXkAAbkk7ABdhoejCk9laycye0uYC+VsmzJCOTW+6Wg7b81rWrspAF266K2JZRAzzfkuPhC++I0T6aaWnlFnRPdG7uuDzHgeY+K3vo3yhS10ElTVB79MpiYwPcxosxri4ltiT1+/sVVarabM50WtWuykzrHady5+HkG4JBHIjYjzWQixurZ7tVMPATSW9CVlekDAosOqmxQF2iSKOVoedRZdzmlt+0dS/mtaR2K7ASJG0ifitKb21WB4uDzWRkx+sdzq6jymkH3LwyzvedT3vee97iT6lZPK2DOxCrjpgS1rrukeObGN94/HkB4kLfM3dH1NFSPno2yNkgbrc0vMgkYPe2PJ1rnbutbuy6yjQeGABpPIR6xCyqYqlReKZsTyHxXK0in/Gy7Bg/R1QSUsLpWyullhZI6QSFpa57Qeq0dWwvtcHxV167KIBdujE4llAAvm/JcdQstmfAZsNqHQS7t96OQCzZI+xw7j2Edh8l0TK/R9QzUUM07ZHyzxNlLhK5gZrFw1obtsCOd0qmIZTaHG4OkLKtiqdNgebg6QuSFfMra6DKRqcUlw6OQiOCSXiSEAlsTH2vblqN2j4ldUpci4VCwRmkjeTtqmJe9x77k/dZRWxbKcbzfyKxr4ynTjeb+S/P5Uldgzp0f0EdLPVU4dTSQRvl063PifpF9BDibE2sLEbntXHyrpVm1RLU6VdtYS1JQrULRMpFIplSULMqUKkJKElTUkwmmFQVBSEwhaBW3mPiv0nlP+zsP/QqT/iavzY3mPiv0nlP+zsP/AEKl/wCJq8/iHst8/kuPiHst8/ktcwHJtRTYrU4i+ePhTPqXNjjLy9wleXBr7gDa4PbuAsd0x4w1sMdCGu1vc2Z7ixwZoaDYNcdnHURyva2/NLA8zYjJjU1ESZaUVNUwtMLAIo2OfpdraAexo3JvfvK2HpNoo5sMqHPA1QBssbjza8OA2+IJHmsgXNrMNS9hEctlmC5temat7CI5bLnfRVgntVaJ3tvHSAS78jIf6MfYXf6Qu0OqmNkZCXASSMfI1vaWsLQ4+r2+qwHR/gnsFDExwtLL8/L3hzgLNPwaGj4grKzYPC+pjrHB/GiY6NjhJIGhhuSNF9J59o7B3BZYmqKlUnYWH33lZYqqKtUkmwsPL6lc36YcE0yR4gxu0lopbf8AqNHVcfi0Ef6Qs90N/wBnzfpkn/HEtozHhQrqWamOxlYdB+jIN2O8nALWuiSJ0dFPG5pa6OtlY5p5tc2OIEeoK063NhS06tI9P0Wxr58JlOrSPS8fTwhap0x/16H9Fj/5ZVoS6P0rYVU1FbE6Cmnla2ljaXRwzSNB4khtdoIvYjbxWm4ZgM81ZBRvilifM5txLG6NzWbl0lnAbBocfJd+Fe0UWydB9fNerg6jRh2yRYXv47arpnRLgvBpnVjx16o2jvzELDb7XXPwDVu8NRHLxGtcH8J5ikA30v0hxafJw9VVLTshjZFG0NZGxrGNHINaLAegXlw7C4aV0rog4GokMsmp736nnm7rHbyXkVanWOc46n7j0Xz9aqKr3PdqdPp6LhWdMG9grpoALRuPEi8Y3klvobj/AEru+B/1Wm/R4P2AtQ6WsD9opW1bG3kpD1rczC7Z3obH4alt2Bf1Sm/R4P2GrfEVusosJ1Eg+74rrxVfraFMnUEg+g+K8eaMvxYnTuhk6r23dDLbeKTsPiOwjtHkV6MvUr6ejpoJABJDBFG+xuNTWgGx7RssDlXNrampqaCYgTwzVAiPISxMe4AfnADl2jfvW5LCpnaMjvH9R4rkqZ2Dq3aa+u48Vy7KuIxw4/iMUjg01MkrIidgXiQHR8SL+i2TO2TW4sGO47oZYQ4MNtUZBIJ1N2N9uYPqtFrcmVWJ12IzQPhY2OrmYOI54LpAQ6w0g22I38V6KOqzJhr2xuhmq4wbaXNfUscPCRt3N8zYdy7XMlwfTeA4AWnuC7ntl4fTeA4ASCY2HyWFzZhGMUMAhqp5ZaTUAHMmklh1X6ocD1m72sDtflutMK/SeYY2S4fUiZoa11JKXhxB0fNk8+8Ht8F+bFvhKxqNMjTktsLWNRpkXHLdIqUygrqW5UlSUykhZFJCEklKoICkKgmmFQVKAqCFqFYXXsq9JFDDR08E4mjkghjh6sfEa4MaGhwI8AOa4+FuuX8awWGmjZV4XJLO3VxJQWODzc2O7xba21uxY4imKjQC0nw1WVemHtEgmOS6F/Ofhf05/wBS7+K0zPPSAMQjFNSxvjh1tfI+XTrkLTdrQ0Xs24B53Nhy7a+UeXfqaT0j/ET+UeXvqeX0Z+IuWnSZTdmFN0jnH6LGlSZTdmFN0jw/RZ9/SpTGmLhFKKvRYRFg4Yltz139y/n4LmZx2tPOsqb/AOfP/Fbd8ocu/U8voz8RP5Q5e+p5fRn4i1ptbTkCk6/MA/NbUQylOWk6/OD81l8u9JVPHRxsqhO6eFgYSxuvihuzXaiedrXv2ryZR6QYIDV+1xvZ7TVSVTXRt1taXhoMZHPbSN+3fkvJ8oMvfU8voz8RHyhy99US/wC1n4iz6plx1br+Hja6jqqZzfun38PG11uH85eGfTm/Uu/itaxjP9Oa+lqYInvip2SxylzQx72y2voB7tIO9r3I8V5PlBl76ol9GfiKKrG8vyRva3DJo3PY5rZGNi1MJFg9t5LXHNDaDGmcj/ONxCGUKTTPVv5bb228V7c7dIUdTTtgoHzMc9zXSyH5sta3fQ0tN73tc9w7brTaDM1ZDNHKaqd/Dka8sfNMWuANyxwJ5EXHms5l+mw+qp2MlEUMsDwXuc5sbpWA3uSTu0jY93oviMQwqOte+WkdJTxx8JkcAZokk1bym7hYdgtztdZYfEsNV+GbQfLJkkW2ykGYOcGRF4B5SutlOnSYWNbPxPw90LZ8y9JFLPRSwwRymWojdE4SMDWxB40uJN9zYm1u1ejB+kuiipImTMnE0MTIyxjGuEjmtAu117WNu2ywfygy99US+jPxEfKHL31RL6M/EWpoMy5erfr3Lj6inly9U/nt9VpNRiDzUvq2ExvdM+ZpYd43ukLxY+BK6lg/SnTGBvtbJWVDRZ4ij1MkI/KbvtfuPJYH5Q5e+p5fRn4iXyhy99TSekf4i0qtFUAOputyj66LStFUAOpOt4fVfHBOkV9LU1TzBxKerqHz6AQJInONrg8ndUNBG3Lmtzh6UsMcLuM8Z+i+IE+rSQtR+UWXfqeX0Z+Il8osu/U0vpH+Is30WPM9W7yj6rGpSY8z1bh6Izz0iitidSUkb44pNpZZLB8jfoNaCbDvJ3PKwXO1vGLY9gcsEzKfC5Y5nxuEUhLWhjyOq8kPPI72tvay0YrqoMDGwGlvjuuii0NbAaR4pJFBSK1VlSUFBUlCyJQhCElKFQUKghATCoKUwmtAVYXWMNo6Wnw6Kd1LC7TRxzyfMxue8mMOcbnmVydq7JQSRsw6B8wBibQwGQFusFnBF7t7duxfJdLHubToATBfcNJBdbS3PQd5sr3WMNBRYpSOkhp2wnrtY7hRxvZI0cjp2LeXr3rSMqYX7ZVMiIvG35yT8xttvMkDzW04tnOljgdBQsIc5pY20YijjB5uABFzv3L3dH+F8Cm4zhZ9QQ8d4i5MHnu7zC42YrFcM4fiKjw5ge6KLXmXNnNJvcQLifxN75NAr453wCI03GghYx1Pa4jYGaouR2HdsfgCsZ0cUcUpqHSRMkLeG1utjX6dWq9gfgFvMMDtMjJnCQSPlPuaQInHaI7m9gbXWt5Nw40k9fAeTXxaCfyozrLT6W87rzMNxRzuD4nDdZLmZS10m7DUYHCTBsTednRoFU2hadmmBkNbOyNoYwP6rWiwFwCQB2C5KWW8ONXUxw76L65COyNu7vXYea9WcKWX22oeIpCzUDqDHFtg0XN7WW09HuGcKB1Q4fOTmwvzETTt6m5+AC+sxfEzg+DMrg9s02Bv+tzBfxF3X5XV5oCeccAidSmSCBkb6cavm2BuqEe8DbnYb+R71qeVMH9tn0uJEcbdchGxIvYNB7L/AHArqEET/nBI7WHvc4DRpDIiABEdzfkd9ufJaxlWkFHW1tKfy2tkhv8AlRAkedtYHkV83wzjVWnw3E0WPzPpjMx1/ZJa10ZoMsnNfcz7IUtdAhe+sxSgw0iEsY02B0RRNcQD2uP8TdYrHavDqxkZjMbpnTQtbpYWyWLwHB2wNtN+fbayxedMEqXVb5mQySxy6C10bHPsQ3SWm3L3Vj6fAaunfBPLAWR8eEEki4u8Wu3mPNelwzheBDKGM/aHCqYd/EHacblsRmN5aRMmDNymANZW9YzhNMTSD2eFo9sijs2Njbx2cdBtzGw2XxzPliOpivBGyOaMXbw2MjDx9B2n7CsnjHvUn6fB+zIqxDFY6aSFkvVbO5zA8nZrxa1/A3tf4L5XCY3HBuGdQc4vAeQJJmCSRE3BaDI1O14WYsVhMo4PC6iAlp2Oe90rZOJG0vu12nTvuLW8kqfCqc4UXGCMuNG+XXw2l/E4ZOrVzvdbSGgXsAL3Jt9I9qxODziLD4ZSCWxUgeQLXIa25A9FT+JV67qldhcM1am4NzHcVSGj0A02FtkysLlXK7KeM1NY1uvSXBkwGiGO1y519tVvRenK1LRTmqnipoiw1JYzXE02YGMPVB90FxcbeI7l6swUxxKi/wCmmuH2kYAbNmA/u3d2/oRuvF0cRllNO1wLXNqntLXCxaRGwEELuxGJq4jA4nF1KpFUua0sBIDG5pHZ8RE7QQe0SkV5Mfx3DRHU03soMwEsQIpom2kF2hwd2WO9/Bc8XRM2Zia6GppvY573fHxJGARAh1uID5XHkudL6/o/RdTwxLqbmFx/E8PmwuCAInlE9+im2yCpKHIXuqSkkkUJLMoQkhCSAmoVoCQTCoKEwhUCrBW1Pzm80QofZ234Ag4us/0YGm+i3Ow71qgKYK58Tg6GJy9c3NkOYXNiN7ET4Gy0BVLaXZ0mNI2kbGGPbE2LjCQg6GgDZttjYWvdaqmjE4OhichrMDshzCdiPj3gyDyVrO4LmeopZeK98k7dJa6OSV5BBsbgm9jcDe3espBnl7Z5ZzThzZGRxiMPLSwM1EdbSb7vd2DsWnXVLDEcIwWIe59WkCXNDSZcJAII0I3AuINomLKrLen9IdwQKQgkEC89x5jRusdHnKZtIKRsWl7YhEJmvIswC2zbe9ba9/FavdK656XR7hlIQyiPaDtXG7ZjVx5mRodwbQ7LOYRmSopphK6SSZoBa6N8ryHA+JvY8t7J4tmOWoqmVTAYHRNa1ga67g0XduSN/ePZy2WDui67jgMMa3XmmM+XLP8AKdRHs30NtLaWVLeaXpCIaBNTanDm6KTSD/pINvVeDG86SVLWsZEImh7HuuS9zyxwcATYWF7H961VF1xUej/DaNUVmUQHAyLuIB5wXFvha2yS2/EM8vl4BbTMbwZ2Tm7y7WWgjT7o0jrHvWOzNmR2IcMcLhCLUbauIXF1hzsLclgLp3W2H4PgcO5j6VMA05ymXWnXV19bTMbJWC2zC88ywwCF8QlcwFrHukIIHYHCx1W77j96+UWc3Mo/YvZ2kmF0Ik1kWaWlt9Nudj3rV0rqDwTh5cXdUJc4PN3DtCYMAxubAZb6JWWdy5maWgLhpMsT9+GXFul30mmxse/bdZKhz26KSoe6lY4TycTSx5j0HS1lr6TfZre7e609JXieE4LEve+rTBc+A43BMEEaEbgX1MAEwIUyt1xDP3GhlhFJbixvju6cPDQ4Wvp0C/PvWkoJUkrTA8NwuBaW4ZmUG5uTJ/3ElSTKZKRQku1ZlJIpqCkoJTuhJCSmUJgpIQkCqVKAVSasKggJJ3QrBTushgeHmsqoaQP4ZnkbHrLdWm/ba4v6rGrKZdxcUFQ2p9nZM+MXiEj5GCOS4tJ1TvbcWO26TpymNUyTBjVbK7IbWmjY+se11fwgxxo5OCHSNcQzi69Jd1fd573VYd0evmawvqXxyOjpXujZTPmLDUOka0OLXbACO5dawDvBY2uze6dtMXU0YnoxT8KcSz/3LtQPCvoud97X3XqPSFVceapbHG1081NKQHP0sbA0t4Q72uBdf4lcxGIix/Lz+ET6aBY/v4sfhz+i+ON5S9ipRUvnfI5x0hsdNI6BxEpjI499I2aXC432716qzI/AjrJX1bnCjcxpEVO6Rzi+nZMHPAf82zr6dW4uCdl5KrNcM0UUMuGwuZD1Y28epja2PiF+jS1wHJxbci6s51dxauqFHCKiqa6IS8Sa0UJiZEI+HfS+wYDd3aT8FX7+PX/LzEfO6qa0f+e6PdKvF8lPpBTapw99dLDFTsbERr1tYXOcdVmgOeG23J8AsdmLLslDWCha/jueIjC5jdPG4mzQG3P5V28+xZNmfptbXSU0MgifTywse6S0MsUfD1tPiLXHeFjcRzXUzy0tSeHHU0jHMbNExrS4ai5t2W0i2pw5dqbOuntR+uyphrT2o/XbT73WXfkPTO+mdXw8YRNkjYI3ODyYnSuc46upGNOnXvckbBYHK+CuxGpZSNkETpGSODnN1C7Gl1iLjutdZaXO7pWyNno4ZTLTwU73iSSFxjiBsPm7bFxLiOXIcgFjafGo6Wp9opIAxvs5g0Oc733w8OSTmSOsS4C6G9blIdrFtNfv4IaauU5tdtNVn2dHj7sbLWNidLwI4mGFziamSJ0phfZ3VADSNW9+5fOiyC6Z0f8A1jWR1DaZ1O8wk8UzxSSltte2kRO7TfwUjpFqC4PkpoJJGcKSNxMg0TsjdFx7A9a7XnqnZeShzzUQMoY+HG9uHOkczUXAy62vY0Oty0iRwFlEYm+nu++Q81n/AHiNvd4/JefL+XBV09TVOndG2lIDmQwuqJLOBOtzWuBazb3t+3uXsocjyTQ0ExqGs/lCYRFnDLnQNdr0SHrdYHhu7visZlvMH8nF0sdNHJP1hFO+SZvDDm6S0xtIa8dtj2rLUnSFPG2OMU0BjhZSthZuHM9n5HWOs6/W2PLUbLSp12Y5NPL77/dCqoauY5dPL771h8xYIKIwlk4miqI3Pjk4boj1HljmuYSbWI791hSVlcwY46udF8zHBFBGY4ooy9waHOL3OLnEkkuKxS1Zmy9rX75WWjS6L6oJSSJQqSlJCFJSUEoJSQhJSSkmhCEkgmoVhCSEwUkIVSrQoVXTlVKd1SlCFUqroupuqumnKd07qUIVSqui6m6LoRmVXRdK6V0J5lV0rpIQlKLouldK6FJKpTdNJJKUISupQpJTJSQhJTKEIUoUoQkhCmUJoQhAVBJNCFaEJoQqCYQhCaaaaEIVBJNCEITSSQhPdCpCEISSQhCSEIQhJCSEIQkUkISUFIplCEJKUkIQoKEIQkhf/9k=', 19.8374354839325, 45.25227550147874, 50, 30, 0, 2, '[]');

INSERT INTO encounters."Encounters" ("Id", "Title", "Description", "Picture", "Longitude", "Latitude", "Radius", "XpReward", "Status", "Type", "Instances") VALUES 
(-14, 'Bubi dupla', 'Pojesti bubi duplu', 'https://bubi.rs/wp-content/uploads/2022/12/banner2-scaled.jpg', 19.842451214790348, 45.247939939289836, 50, 15, 0, 2, '[]');

INSERT INTO encounters."Encounters" ("Id", "Title", "Description", "Picture", "Longitude", "Latitude", "Radius", "XpReward", "Status", "Type", "Instances") VALUES 
(-7, 'PlaÅ¡enje gotiÄarki', 'Uraditi 20 sklekova bez majice ispred filozofskog fakulteta.', 'https://i.ytimg.com/vi/kQ0vSvFKtJU/maxresdefault.jpg', 19.853737950325012, 45.24668981590247, 30, 85, 0, 2, '[]');

INSERT INTO encounters."Encounters" ("Id", "Title", "Description", "Picture", "Longitude", "Latitude", "Radius", "XpReward", "Status", "Type", "Instances") VALUES 
(-13, 'PronaÄ‡i krticu', 'Gde li se misteriozna krtica krtiÄi?', 'https://media.discordapp.net/attachments/783721881043206154/1182032447857242222/1701888891690.jpg', 19.84788537025452, 45.235828447337155, 50, 60, 0, 1, '[]');

INSERT INTO encounters."Encounters" ("Id", "Title", "Description", "Picture", "Longitude", "Latitude", "Radius", "XpReward", "Status", "Type", "Instances") VALUES 
(-12, 'Bustovanje na Å trandiÄ‡u', 'PronaÄ‡i lokaciju sa koje je slikan legendarni tripl Å trandiÄ‡ bust.', 'https://cdn.discordapp.com/attachments/783721881043206154/1182031344956604527/1701888624282.jpg', 19.849065542221073, 45.23699192743748, 50, 40, 0, 1, '[]');

INSERT INTO encounters."Encounters" ("Id", "Title", "Description", "Picture", "Longitude", "Latitude", "Radius", "XpReward", "Status", "Type", "Instances") VALUES 
(-10, 'ElektriÄna voÅ¾nja', 'Sesti u elektriÄni bus broj 11.', 'https://www.gradnja.rs/wp-content/uploads/2023/06/solaris-urbino12-electric-jgsp-15.jpg', 19.849312305450443, 45.24810611676206, 50, 12, 0, 2, '[]');

INSERT INTO encounters."Encounters" ("Id", "Title", "Description", "Picture", "Longitude", "Latitude", "Radius", "XpReward", "Status", "Type", "Instances") VALUES 
(-11, 'Zaja', 'Poduplati sa prijateljima u zaji.', 'https://oradio.rs/files/uploads/2019/11/mala-menza.jpg', 19.849306941032413, 45.24610440123252, 50, 20, 0, 0, '[]');

INSERT INTO encounters."HiddenLocationEncounters" ("Id", "PictureLongitude", "PictureLatitude") VALUES (-13, 19.847493767738346, 45.235973883652456);
INSERT INTO encounters."HiddenLocationEncounters" ("Id", "PictureLongitude", "PictureLatitude") VALUES (-12, 19.849011898040775, 45.2370278136203);

INSERT INTO encounters."SocialEncounters" ("Id", "PeopleNumber") VALUES (-11, 1);

INSERT INTO encounters."MiscEncounters" ("Id", "ChallengeDone") VALUES (-7, false);
INSERT INTO encounters."MiscEncounters" ("Id", "ChallengeDone") VALUES (-10, false);
INSERT INTO encounters."MiscEncounters" ("Id", "ChallengeDone") VALUES (-9, false);
INSERT INTO encounters."MiscEncounters" ("Id", "ChallengeDone") VALUES (-14, false);

-- *********************** TOURIST_PROGRESS ******************************

INSERT INTO encounters."TouristProgress" ("Id", "UserId", "Xp", "Level") VALUES (-1, -169, 85, 12);

-- **************************** TOURS ************************************
INSERT INTO tours."Tours"(
	"Id", "AuthorId", "Category", "Name", "Description", "Difficulty", "Tags", "Status", "Price", "IsDeleted", "Distance", "PublishDate", "ArchiveDate", "Durations")
	VALUES
		(-1, -2, 2, 'Šetnja pored Dunava', 'Tura po obali Dunava u Novom Sadu', 2, '{obala,reka}', 1, 100, FALSE, 2.1, '2023-12-04 19:04:04.562161+01', '2023-12-04 19:04:04.562161+01', '[{"Duration": 20, "TransportType": 1}]'),
		(-2, -2, 2, 'Obilazak centra', 'Tura po centru Novog Sada', 2, '{grad,istorija,centar}', 1, 100, FALSE, 0.36, '2023-12-04 19:04:04.562161+01', '2023-12-04 19:04:04.562161+01', '[{"Duration": 30, "TransportType": 1}]'),
		(-3, -2, 2, 'Novosadski Kulturni Prolaz', 'Upustite se u fascinantno putovanje kroz srce Vojvodine sa turom ''Novosadski Kulturni Prolaz''. Ova dinamična ruta vodi vas kroz bogatu istoriju i savremenu vibraciju Novog Sada, obuhvatajući ključne tačke kao što su monumentalna Petrovaradinska tvrđava, mirni Dunavski park i inspirativni Muzej savremene umetnosti Vojvodine. Saznajte ogradu oko tvrđave, uživajte u zelenim oazama Dunavskog parka i doživite umetnost na potpuno nov način u Muzeju savremene umetnosti. ''Novosadski Kulturni Prolaz'' pruža nezaboravno iskustvo koje istražuje spoj prošlosti, prirode i umetnosti u srcu ovog čarobnog grada.', 3, '{Umetnost,Muzej,Park,Istorija,Kultura}', 1, 169, false, 0, '-infinity', '-infinity', '[]'),
		-- (-4, -2, 2, 'Šetnja pored Dunava', 'Tura po obali Dunava u Novom Sadu', 2, '{obala,reka}', 1, 100, FALSE, 2.1, '2023-12-04 19:04:04.562161+01', '2023-12-04 19:04:04.562161+01', '[{"Duration": 20, "TransportType": 1}]'),
		-- (-5, -2, 1, 'Obilazak centra', 'Tura po centru Novog Sada', 2, '{grad,istorija,centar}', 1, 100, FALSE, 0.36, '2023-12-04 19:04:04.562161+01', '2023-12-04 19:04:04.562161+01', '[{"Duration": 30, "TransportType": 1}]'),
		-- (-6, -2, 1, 'Novosadski Kulturni Prolaz', 'Upustite se u fascinantno putovanje kroz srce Vojvodine sa turom ''Novosadski Kulturni Prolaz''. Ova dinamična ruta vodi vas kroz bogatu istoriju i savremenu vibraciju Novog Sada, obuhvatajući ključne tačke kao što su monumentalna Petrovaradinska tvrđava, mirni Dunavski park i inspirativni Muzej savremene umetnosti Vojvodine. Saznajte ogradu oko tvrđave, uživajte u zelenim oazama Dunavskog parka i doživite umetnost na potpuno nov način u Muzeju savremene umetnosti. ''Novosadski Kulturni Prolaz'' pruža nezaboravno iskustvo koje istražuje spoj prošlosti, prirode i umetnosti u srcu ovog čarobnog grada.', 3, '{Umetnost,Muzej,Park,Istorija,Kultura}', 1, 169, false, 0, '-infinity', '-infinity', '[]'),
		-- (-7, -2, 1, 'Šetnja pored Dunava', 'Tura po obali Dunava u Novom Sadu', 2, '{obala,reka}', 1, 100, FALSE, 2.1, '2023-12-04 19:04:04.562161+01', '2023-12-04 19:04:04.562161+01', '[{"Duration": 20, "TransportType": 1}]'),
		-- (-8, -2, 1, 'Obilazak centra', 'Tura po centru Novog Sada', 2, '{grad,istorija,centar}', 1, 100, FALSE, 0.36, '2023-12-04 19:04:04.562161+01', '2023-12-04 19:04:04.562161+01', '[{"Duration": 30, "TransportType": 1}]'),
		-- (-9, -2, 1, 'Novosadski Kulturni Prolaz', 'Upustite se u fascinantno putovanje kroz srce Vojvodine sa turom ''Novosadski Kulturni Prolaz''. Ova dinamična ruta vodi vas kroz bogatu istoriju i savremenu vibraciju Novog Sada, obuhvatajući ključne tačke kao što su monumentalna Petrovaradinska tvrđava, mirni Dunavski park i inspirativni Muzej savremene umetnosti Vojvodine. Saznajte ogradu oko tvrđave, uživajte u zelenim oazama Dunavskog parka i doživite umetnost na potpuno nov način u Muzeju savremene umetnosti. ''Novosadski Kulturni Prolaz'' pruža nezaboravno iskustvo koje istražuje spoj prošlosti, prirode i umetnosti u srcu ovog čarobnog grada.', 3, '{Umetnost,Muzej,Park,Istorija,Kultura}', 1, 169, false, 0, '-infinity', '-infinity', '[]'),
		-- (-10, -2, 3, 'Šetnja pored Dunava', 'Tura po obali Dunava u Novom Sadu', 2, '{obala,reka}', 1, 100, FALSE, 2.1, '2023-12-04 19:04:04.562161+01', '2023-12-04 19:04:04.562161+01', '[{"Duration": 20, "TransportType": 1}]'),
		-- (-11, -2, 3, 'Obilazak centra', 'Tura po centru Novog Sada', 2, '{grad,istorija,centar}', 1, 100, FALSE, 0.36, '2023-12-04 19:04:04.562161+01', '2023-12-04 19:04:04.562161+01', '[{"Duration": 30, "TransportType": 1}]'),
		-- (-12, -2, 3, 'Novosadski Kulturni Prolaz', 'Upustite se u fascinantno putovanje kroz srce Vojvodine sa turom ''Novosadski Kulturni Prolaz''. Ova dinamična ruta vodi vas kroz bogatu istoriju i savremenu vibraciju Novog Sada, obuhvatajući ključne tačke kao što su monumentalna Petrovaradinska tvrđava, mirni Dunavski park i inspirativni Muzej savremene umetnosti Vojvodine. Saznajte ogradu oko tvrđave, uživajte u zelenim oazama Dunavskog parka i doživite umetnost na potpuno nov način u Muzeju savremene umetnosti. ''Novosadski Kulturni Prolaz'' pruža nezaboravno iskustvo koje istražuje spoj prošlosti, prirode i umetnosti u srcu ovog čarobnog grada.', 3, '{Umetnost,Muzej,Park,Istorija,Kultura}', 1, 169, false, 0, '-infinity', '-infinity', '[]'),
		-- (-13, -2, 3, 'Šetnja pored Dunava', 'Tura po obali Dunava u Novom Sadu', 2, '{obala,reka}', 1, 100, FALSE, 2.1, '2023-12-04 19:04:04.562161+01', '2023-12-04 19:04:04.562161+01', '[{"Duration": 20, "TransportType": 1}]'),
		-- (-14, -2, 3, 'Obilazak centra', 'Tura po centru Novog Sada', 2, '{grad,istorija,centar}', 1, 100, FALSE, 0.36, '2023-12-04 19:04:04.562161+01', '2023-12-04 19:04:04.562161+01', '[{"Duration": 30, "TransportType": 1}]'),
		-- (-15, -2, 0, 'Novosadski Kulturni Prolaz', 'Upustite se u fascinantno putovanje kroz srce Vojvodine sa turom ''Novosadski Kulturni Prolaz''. Ova dinamična ruta vodi vas kroz bogatu istoriju i savremenu vibraciju Novog Sada, obuhvatajući ključne tačke kao što su monumentalna Petrovaradinska tvrđava, mirni Dunavski park i inspirativni Muzej savremene umetnosti Vojvodine. Saznajte ogradu oko tvrđave, uživajte u zelenim oazama Dunavskog parka i doživite umetnost na potpuno nov način u Muzeju savremene umetnosti. ''Novosadski Kulturni Prolaz'' pruža nezaboravno iskustvo koje istražuje spoj prošlosti, prirode i umetnosti u srcu ovog čarobnog grada.', 3, '{Umetnost,Muzej,Park,Istorija,Kultura}', 1, 169, false, 0, '-infinity', '-infinity', '[]'),
		-- (-16, -2, 0, 'Šetnja pored Dunava', 'Tura po obali Dunava u Novom Sadu', 2, '{obala,reka}', 1, 100, FALSE, 2.1, '2023-12-04 19:04:04.562161+01', '2023-12-04 19:04:04.562161+01', '[{"Duration": 20, "TransportType": 1}]'),
		-- (-17, -2, 0, 'Obilazak centra', 'Tura po centru Novog Sada', 2, '{grad,istorija,centar}', 1, 100, FALSE, 0.36, '2023-12-04 19:04:04.562161+01', '2023-12-04 19:04:04.562161+01', '[{"Duration": 30, "TransportType": 1}]'),
		-- (-18, -2, 0, 'Novosadski Kulturni Prolaz', 'Upustite se u fascinantno putovanje kroz srce Vojvodine sa turom ''Novosadski Kulturni Prolaz''. Ova dinamična ruta vodi vas kroz bogatu istoriju i savremenu vibraciju Novog Sada, obuhvatajući ključne tačke kao što su monumentalna Petrovaradinska tvrđava, mirni Dunavski park i inspirativni Muzej savremene umetnosti Vojvodine. Saznajte ogradu oko tvrđave, uživajte u zelenim oazama Dunavskog parka i doživite umetnost na potpuno nov način u Muzeju savremene umetnosti. ''Novosadski Kulturni Prolaz'' pruža nezaboravno iskustvo koje istražuje spoj prošlosti, prirode i umetnosti u srcu ovog čarobnog grada.', 3, '{Umetnost,Muzej,Park,Istorija,Kultura}', 1, 169, false, 0, '-infinity', '-infinity', '[]'),
		-- (-19, -2, 0, 'Šetnja pored Dunava', 'Tura po obali Dunava u Novom Sadu', 2, '{obala,reka}', 1, 100, FALSE, 2.1, '2023-12-04 19:04:04.562161+01', '2023-12-04 19:04:04.562161+01', '[{"Duration": 20, "TransportType": 1}]'),
		
		(-20, -2, 3, 'Obilazak centra', 'Tura po centru Novog Sada', 2, '{grad,istorija,centar}', 1, 100, FALSE, 0.36, '2023-12-04 19:04:04.562161+01', '2023-12-04 19:04:04.562161+01', '[{"Duration": 30, "TransportType": 1}]'),
		(-21, -2, 3, 'Muzeji Novog Sada', 'Obilazak muzeja Novog Sada', 3, '{Umetnost,Muzej,Istorija,Kultura}', 1, 340, false, 1.7, '-infinity', '-infinity', '[]'),
		(-22, -2, 3, 'Istorija Novog Sada', 'Istorijski pogled na grad.', 3, '{Istorija,Kultura,Setnja}', 1, 150, false, 2.3, '-infinity', '-infinity', '[]'),
		(-23, -2, 1, 'Parkovi Novog Sada', 'Obilazag parkova Novog Sada.', 3, '{Park,Kultura,Aktivnost,Setnja}', 1, 55, false, 0.4, '-infinity', '-infinity', '[]'),
		(-24, -2, 1, 'Evropska prestonica kulture', 'Obilazak znacajnih mesta u gradu', 3, '{Umetnost,Kultura}', 1, 100, false, 1.6, '-infinity', '-infinity', '[]'),		
		(-25, -2, 2, 'Obilazak restorana Novog Sada', 'Probajte specijalitete Novog Sada u popularnim restoranima.', 3, '{Gastronomija,Hrana}', 1, 280, false, 3.1, '-infinity', '-infinity', '[]'),
		(-26, -2, 2, 'Vinarije u Novom Sadu', 'Probajte super vina.', 2, '{Gastronomija,Vino}', 1, 40, false, 0.2, '-infinity', '-infinity', '[]'),
		(-27, -2, 2, 'Izlasci u Novom Sadu', 'Posetite popularne pubove.', 5, '{Umetnost,Muzej,Park,Istorija,Kultura}', 1, 190, false, 0.9, '-infinity', '-infinity', '[]'),
		(-28, -2, 3, 'Setnja gradom', 'Protegnite noge u Novom Sadu.', 1, '{Setnja,Park,Aktivnost}', 1, 230, false, 1.3, '-infinity', '-infinity', '[]');
		
		
-- **************************** REVIEWS ************************************
INSERT INTO tours."Reviews"(
    "Id", "Rating", "Comment", "TouristId", "TourVisitDate", "CommentDate", "TourId", "Images")
VALUES (-1, 5, 'Great and exciting tour.', -168, '2023-10-15', '2023-10-16', -1, ARRAY['https://media.istockphoto.com/id/1160139387/photo/early-morning-in-a-mountains.jpg?s=612x612&w=0&k=20&c=kYe3OeVfR4tx5gQcH3R53QdxwJWV_qSqYFZ7KNRj-Lk=']);
INSERT INTO tours."Reviews"(
    "Id", "Rating", "Comment", "TouristId", "TourVisitDate", "CommentDate", "TourId", "Images")
VALUES (-2, 1, 'Not interesting at all.', -169, '2023-10-11', '2023-10-15', -2, ARRAY ['https://media.istockphoto.com/id/1160139387/photo/early-morning-in-a-mountains.jpg?s=612x612&w=0&k=20&c=kYe3OeVfR4tx5gQcH3R53QdxwJWV_qSqYFZ7KNRj-Lk=','https://media.istockphoto.com/id/1160139387/photo/early-morning-in-a-mountains.jpg?s=612x612&w=0&k=20&c=kYe3OeVfR4tx5gQcH3R53QdxwJWV_qSqYFZ7KNRj-Lk=']);
INSERT INTO tours."Reviews"(
    "Id", "Rating", "Comment", "TouristId", "TourVisitDate", "CommentDate", "TourId", "Images")
VALUES (-3, 3, 'OK tour.', -168, '2023-10-10', '2023-10-16', -3, ARRAY ['https://media.istockphoto.com/id/1160139387/photo/early-morning-in-a-mountains.jpg?s=612x612&w=0&k=20&c=kYe3OeVfR4tx5gQcH3R53QdxwJWV_qSqYFZ7KNRj-Lk=']);
--INSERT INTO tours."Reviews"(
--    "Id", "Rating", "Comment", "TouristId", "TourVisitDate", "CommentDate", "TourId", "Images")
--VALUES (-4, 5, 'OK tour.', -169, '2023-10-10', '2023-10-16', -4, ARRAY ['https://media.istockphoto.com/id/1160139387/photo/early-morning-in-a-mountains.jpg?s=612x612&w=0&k=20&c=kYe3OeVfR4tx5gQcH3R53QdxwJWV_qSqYFZ7KNRj-Lk=']);
--INSERT INTO tours."Reviews"(
--    "Id", "Rating", "Comment", "TouristId", "TourVisitDate", "CommentDate", "TourId", "Images")
--VALUES (-5, 5, 'OK tour.', -169, '2023-10-10', '2023-10-16', -5, ARRAY ['https://media.istockphoto.com/id/1160139387/photo/early-morning-in-a-mountains.jpg?s=612x612&w=0&k=20&c=kYe3OeVfR4tx5gQcH3R53QdxwJWV_qSqYFZ7KNRj-Lk=']);
--INSERT INTO tours."Reviews"(
--    "Id", "Rating", "Comment", "TouristId", "TourVisitDate", "CommentDate", "TourId", "Images")
--VALUES (-6, 5, 'OK tour.', -168, '2023-10-10', '2023-10-16', -6, ARRAY ['https://media.istockphoto.com/id/1160139387/photo/early-morning-in-a-mountains.jpg?s=612x612&w=0&k=20&c=kYe3OeVfR4tx5gQcH3R53QdxwJWV_qSqYFZ7KNRj-Lk=']);
--INSERT INTO tours."Reviews"(
--    "Id", "Rating", "Comment", "TouristId", "TourVisitDate", "CommentDate", "TourId", "Images")
--VALUES (-7, 5, 'OK tour.', -168, '2023-10-10', '2023-10-16', -7, ARRAY ['https://media.istockphoto.com/id/1160139387/photo/early-morning-in-a-mountains.jpg?s=612x612&w=0&k=20&c=kYe3OeVfR4tx5gQcH3R53QdxwJWV_qSqYFZ7KNRj-Lk=']);
-- INSERT INTO tours."Reviews"(
--     "Id", "Rating", "Comment", "TouristId", "TourVisitDate", "CommentDate", "TourId", "Images")
-- VALUES (-8, 5, 'OK tour.', -169, '2023-10-10', '2023-10-16', -8, ARRAY ['https://media.istockphoto.com/id/1160139387/photo/early-morning-in-a-mountains.jpg?s=612x612&w=0&k=20&c=kYe3OeVfR4tx5gQcH3R53QdxwJWV_qSqYFZ7KNRj-Lk=']);
-- INSERT INTO tours."Reviews"(
--     "Id", "Rating", "Comment", "TouristId", "TourVisitDate", "CommentDate", "TourId", "Images")
-- VALUES (-9, 5, 'OK tour.', -168, '2023-10-10', '2023-10-16', -9, ARRAY ['https://media.istockphoto.com/id/1160139387/photo/early-morning-in-a-mountains.jpg?s=612x612&w=0&k=20&c=kYe3OeVfR4tx5gQcH3R53QdxwJWV_qSqYFZ7KNRj-Lk=']);
-- INSERT INTO tours."Reviews"(
--     "Id", "Rating", "Comment", "TouristId", "TourVisitDate", "CommentDate", "TourId", "Images")
-- VALUES (-10, 5, 'OK tour.', -169, '2023-10-10', '2023-10-16', -10, ARRAY ['https://media.istockphoto.com/id/1160139387/photo/early-morning-in-a-mountains.jpg?s=612x612&w=0&k=20&c=kYe3OeVfR4tx5gQcH3R53QdxwJWV_qSqYFZ7KNRj-Lk=']);
-- INSERT INTO tours."Reviews"(
--     "Id", "Rating", "Comment", "TouristId", "TourVisitDate", "CommentDate", "TourId", "Images")
-- VALUES (-11, 5, 'OK tour.', -168, '2023-10-10', '2023-10-16', -11, ARRAY ['https://media.istockphoto.com/id/1160139387/photo/early-morning-in-a-mountains.jpg?s=612x612&w=0&k=20&c=kYe3OeVfR4tx5gQcH3R53QdxwJWV_qSqYFZ7KNRj-Lk=']);
-- INSERT INTO tours."Reviews"(
--     "Id", "Rating", "Comment", "TouristId", "TourVisitDate", "CommentDate", "TourId", "Images")
-- VALUES (-12, 5, 'OK tour.', -169, '2023-10-10', '2023-10-16', -12, ARRAY ['https://media.istockphoto.com/id/1160139387/photo/early-morning-in-a-mountains.jpg?s=612x612&w=0&k=20&c=kYe3OeVfR4tx5gQcH3R53QdxwJWV_qSqYFZ7KNRj-Lk=']);
-- INSERT INTO tours."Reviews"(
--     "Id", "Rating", "Comment", "TouristId", "TourVisitDate", "CommentDate", "TourId", "Images")
-- VALUES (-13, 5, 'OK tour.', -168, '2023-10-10', '2023-10-16', -13, ARRAY ['https://media.istockphoto.com/id/1160139387/photo/early-morning-in-a-mountains.jpg?s=612x612&w=0&k=20&c=kYe3OeVfR4tx5gQcH3R53QdxwJWV_qSqYFZ7KNRj-Lk=']);
-- INSERT INTO tours."Reviews"(
--     "Id", "Rating", "Comment", "TouristId", "TourVisitDate", "CommentDate", "TourId", "Images")
-- VALUES (-14, 5, 'OK tour.', -169, '2023-10-10', '2023-10-16', -14, ARRAY ['https://media.istockphoto.com/id/1160139387/photo/early-morning-in-a-mountains.jpg?s=612x612&w=0&k=20&c=kYe3OeVfR4tx5gQcH3R53QdxwJWV_qSqYFZ7KNRj-Lk=']);
-- INSERT INTO tours."Reviews"(
--     "Id", "Rating", "Comment", "TouristId", "TourVisitDate", "CommentDate", "TourId", "Images")
-- VALUES (-15, 5, 'OK tour.', -169, '2023-10-10', '2023-10-16', -15, ARRAY ['https://media.istockphoto.com/id/1160139387/photo/early-morning-in-a-mountains.jpg?s=612x612&w=0&k=20&c=kYe3OeVfR4tx5gQcH3R53QdxwJWV_qSqYFZ7KNRj-Lk=']);
-- INSERT INTO tours."Reviews"(
--     "Id", "Rating", "Comment", "TouristId", "TourVisitDate", "CommentDate", "TourId", "Images")
-- VALUES (-16, 5, 'OK tour.', -168, '2023-10-10', '2023-10-16', -16, ARRAY ['https://media.istockphoto.com/id/1160139387/photo/early-morning-in-a-mountains.jpg?s=612x612&w=0&k=20&c=kYe3OeVfR4tx5gQcH3R53QdxwJWV_qSqYFZ7KNRj-Lk=']);
-- INSERT INTO tours."Reviews"(
--     "Id", "Rating", "Comment", "TouristId", "TourVisitDate", "CommentDate", "TourId", "Images")
-- VALUES (-17, 5, 'OK tour.', -169, '2023-10-10', '2023-10-16', -17, ARRAY ['https://media.istockphoto.com/id/1160139387/photo/early-morning-in-a-mountains.jpg?s=612x612&w=0&k=20&c=kYe3OeVfR4tx5gQcH3R53QdxwJWV_qSqYFZ7KNRj-Lk=']);
-- INSERT INTO tours."Reviews"(
--     "Id", "Rating", "Comment", "TouristId", "TourVisitDate", "CommentDate", "TourId", "Images")
-- VALUES (-18, 5, 'OK tour.', -169, '2023-10-10', '2023-10-16', -18, ARRAY ['https://media.istockphoto.com/id/1160139387/photo/early-morning-in-a-mountains.jpg?s=612x612&w=0&k=20&c=kYe3OeVfR4tx5gQcH3R53QdxwJWV_qSqYFZ7KNRj-Lk=']);
-- INSERT INTO tours."Reviews"(
--     "Id", "Rating", "Comment", "TouristId", "TourVisitDate", "CommentDate", "TourId", "Images")
-- VALUES (-19, 5, 'OK tour.', -168, '2023-10-10', '2023-10-16', -19, ARRAY ['https://media.istockphoto.com/id/1160139387/photo/early-morning-in-a-mountains.jpg?s=612x612&w=0&k=20&c=kYe3OeVfR4tx5gQcH3R53QdxwJWV_qSqYFZ7KNRj-Lk=']);
-- INSERT INTO tours."Reviews"(
--     "Id", "Rating", "Comment", "TouristId", "TourVisitDate", "CommentDate", "TourId", "Images")
-- VALUES (-20, 5, 'OK tour.', -169, '2023-10-10', '2023-10-16', -20, ARRAY ['https://media.istockphoto.com/id/1160139387/photo/early-morning-in-a-mountains.jpg?s=612x612&w=0&k=20&c=kYe3OeVfR4tx5gQcH3R53QdxwJWV_qSqYFZ7KNRj-Lk=']);
INSERT INTO tours."Reviews"(
    "Id", "Rating", "Comment", "TouristId", "TourVisitDate", "CommentDate", "TourId", "Images")
VALUES (-21, 5, 'OK tour.', -168, '2023-10-10', '2023-10-16', -21, ARRAY ['https://media.istockphoto.com/id/1160139387/photo/early-morning-in-a-mountains.jpg?s=612x612&w=0&k=20&c=kYe3OeVfR4tx5gQcH3R53QdxwJWV_qSqYFZ7KNRj-Lk=']);
INSERT INTO tours."Reviews"(
    "Id", "Rating", "Comment", "TouristId", "TourVisitDate", "CommentDate", "TourId", "Images")
VALUES (-22, 5, 'OK tour.', -168, '2023-10-10', '2023-10-16', -21, ARRAY ['https://media.istockphoto.com/id/1160139387/photo/early-morning-in-a-mountains.jpg?s=612x612&w=0&k=20&c=kYe3OeVfR4tx5gQcH3R53QdxwJWV_qSqYFZ7KNRj-Lk=']);
INSERT INTO tours."Reviews"(
    "Id", "Rating", "Comment", "TouristId", "TourVisitDate", "CommentDate", "TourId", "Images")
VALUES (-23, 5, 'OK tour.', -168, '2023-10-10', '2023-10-16', -21, ARRAY ['https://media.istockphoto.com/id/1160139387/photo/early-morning-in-a-mountains.jpg?s=612x612&w=0&k=20&c=kYe3OeVfR4tx5gQcH3R53QdxwJWV_qSqYFZ7KNRj-Lk=']);
INSERT INTO tours."Reviews"(
    "Id", "Rating", "Comment", "TouristId", "TourVisitDate", "CommentDate", "TourId", "Images")
VALUES (-24, 5, 'OK tour.', -168, '2023-10-10', '2023-10-16', -21, ARRAY ['https://media.istockphoto.com/id/1160139387/photo/early-morning-in-a-mountains.jpg?s=612x612&w=0&k=20&c=kYe3OeVfR4tx5gQcH3R53QdxwJWV_qSqYFZ7KNRj-Lk=']);
INSERT INTO tours."Reviews"(
    "Id", "Rating", "Comment", "TouristId", "TourVisitDate", "CommentDate", "TourId", "Images")
VALUES (-25, 5, 'OK tour.', -168, '2023-10-10', '2023-10-16', -21, ARRAY ['https://media.istockphoto.com/id/1160139387/photo/early-morning-in-a-mountains.jpg?s=612x612&w=0&k=20&c=kYe3OeVfR4tx5gQcH3R53QdxwJWV_qSqYFZ7KNRj-Lk=']);
INSERT INTO tours."Reviews"(
    "Id", "Rating", "Comment", "TouristId", "TourVisitDate", "CommentDate", "TourId", "Images")
VALUES (-26, 5, 'OK tour.', -168, '2023-10-10', '2023-10-16', -21, ARRAY ['https://media.istockphoto.com/id/1160139387/photo/early-morning-in-a-mountains.jpg?s=612x612&w=0&k=20&c=kYe3OeVfR4tx5gQcH3R53QdxwJWV_qSqYFZ7KNRj-Lk=']);
INSERT INTO tours."Reviews"(
    "Id", "Rating", "Comment", "TouristId", "TourVisitDate", "CommentDate", "TourId", "Images")
VALUES (-27, 5, 'OK tour.', -168, '2023-10-10', '2023-10-16', -21, ARRAY ['https://media.istockphoto.com/id/1160139387/photo/early-morning-in-a-mountains.jpg?s=612x612&w=0&k=20&c=kYe3OeVfR4tx5gQcH3R53QdxwJWV_qSqYFZ7KNRj-Lk=']);
INSERT INTO tours."Reviews"(
    "Id", "Rating", "Comment", "TouristId", "TourVisitDate", "CommentDate", "TourId", "Images")
VALUES (-28, 5, 'OK tour.', -168, '2023-10-10', '2023-10-16', -21, ARRAY ['https://media.istockphoto.com/id/1160139387/photo/early-morning-in-a-mountains.jpg?s=612x612&w=0&k=20&c=kYe3OeVfR4tx5gQcH3R53QdxwJWV_qSqYFZ7KNRj-Lk=']);

INSERT INTO tours."Reviews"(
    "Id", "Rating", "Comment", "TouristId", "TourVisitDate", "CommentDate", "TourId", "Images")
VALUES (-29, 5, 'OK tour.', -168, '2023-10-10', '2023-12-26', -28, ARRAY ['https://media.istockphoto.com/id/1160139387/photo/early-morning-in-a-mountains.jpg?s=612x612&w=0&k=20&c=kYe3OeVfR4tx5gQcH3R53QdxwJWV_qSqYFZ7KNRj-Lk=']);
INSERT INTO tours."Reviews"(
    "Id", "Rating", "Comment", "TouristId", "TourVisitDate", "CommentDate", "TourId", "Images")
VALUES (-30, 4, 'OK tour.', -168, '2023-10-10', '2023-12-26', -27, ARRAY ['https://media.istockphoto.com/id/1160139387/photo/early-morning-in-a-mountains.jpg?s=612x612&w=0&k=20&c=kYe3OeVfR4tx5gQcH3R53QdxwJWV_qSqYFZ7KNRj-Lk=']);
INSERT INTO tours."Reviews"(
    "Id", "Rating", "Comment", "TouristId", "TourVisitDate", "CommentDate", "TourId", "Images")
VALUES (-31, 3, 'OK tour.', -168, '2023-10-10', '2023-12-26', -27, ARRAY ['https://media.istockphoto.com/id/1160139387/photo/early-morning-in-a-mountains.jpg?s=612x612&w=0&k=20&c=kYe3OeVfR4tx5gQcH3R53QdxwJWV_qSqYFZ7KNRj-Lk=']);
INSERT INTO tours."Reviews"(
    "Id", "Rating", "Comment", "TouristId", "TourVisitDate", "CommentDate", "TourId", "Images")
VALUES (-32, 5, 'OK tour.', -168, '2023-10-10', '2023-12-26', -24, ARRAY ['https://media.istockphoto.com/id/1160139387/photo/early-morning-in-a-mountains.jpg?s=612x612&w=0&k=20&c=kYe3OeVfR4tx5gQcH3R53QdxwJWV_qSqYFZ7KNRj-Lk=']);
INSERT INTO tours."Reviews"(
    "Id", "Rating", "Comment", "TouristId", "TourVisitDate", "CommentDate", "TourId", "Images")
VALUES (-33, 4, 'OK tour.', -168, '2023-10-10', '2023-12-26', -24, ARRAY ['https://media.istockphoto.com/id/1160139387/photo/early-morning-in-a-mountains.jpg?s=612x612&w=0&k=20&c=kYe3OeVfR4tx5gQcH3R53QdxwJWV_qSqYFZ7KNRj-Lk=']);
INSERT INTO tours."Reviews"(
    "Id", "Rating", "Comment", "TouristId", "TourVisitDate", "CommentDate", "TourId", "Images")
VALUES (-34, 5, 'OK tour.', -3, '2023-10-10', '2023-12-26', -24, ARRAY ['https://media.istockphoto.com/id/1160139387/photo/early-morning-in-a-mountains.jpg?s=612x612&w=0&k=20&c=kYe3OeVfR4tx5gQcH3R53QdxwJWV_qSqYFZ7KNRj-Lk=']);


-- **************************** KEY POINTS ************************************

INSERT INTO tours."KeyPoints"(
	"Id", "TourId", "Name", "Description", "Longitude", "Latitude", "LocationAddress", "ImagePath", "Order", "HaveSecret", "Secret", "IsEncounterRequired", "HasEncounter")
	VALUES
		(-1, -1, 'Kej žrtava racije', 'U Novom Sadu, na keju koji danas nosi ime Kej žrtava racije, fašistički okupator je u takozvanoj „januarskoj raciji“ od 21. do 23. januara 1942. izvršio masovno streljanje više od hiljadu nedužnih građana Novog Sada.', 19.855529, 45.252574, 'Сунчани кеј, Нови Сад', 'https://sremskevesti.rs/wp-content/uploads/2023/10/0033-1024x665-1-860x558.jpg', 0, TRUE, '{"Description":"Spomenik je rad vajara Jovana Soldatovića i otkriven je 1971. godine."}', FALSE, FALSE),
		(-2, -1, 'Štrand', 'Štrand je popularna plaža u Novom Sadu. Nalazi se na Dunavu, u blizini Mosta slobode i važi za jednu od najuređenijih plaža na celom toku reke.', 19.847114, 45.236624, 'Сунчани кеј, Нови Сад', 'https://live.staticflickr.com/65535/50079707932_124f7b7949_b.jpg', 1, TRUE, '{"Description":"Ulaz u plažu je besplatan preko godine."}', FALSE, FALSE),
		(-3, -2, 'Trg Svetozara Miletića', 'Svetozar Miletić (Mošorin, 22. februar 1826 — Vršac, 4. februar 1901) bio je advokat, političar i gradonačelnik Novog Sada. Miletić je bio jedan od najznačajnijih i najuticajnijih srpskih političara u Austrougarskoj druge polovine XIX veka.', 19.844811, 45.255049, 'Нови Сад', 'https://novisad.travel/wp-content/uploads/2019/01/Dunavski-park-_ALE8018_compressed.jpg', 0, TRUE, '{"Description":"Bio je predsednik Družine za ujedinjenje i oslobođenje Srbije sa sedištem na Cetinju, a tada mu je najbliži saradnik na Cetinju Aleksandar Sandić."}', FALSE, FALSE),
		(-4, -2, 'Trg Jovana Jovanovića Zmaja', 'Jovan Jovanović Zmaj (Novi Sad, 6. decembar 1833 — Sremska Kamenica, 14. jun 1904) bio je srpski pesnik, dramski pisac, prevodilac i lekar. Smatra se za jednog od najvećih liričara srpskog romantizma.', 19.847880, 45.256936, 'Змај Јовина 26, Нови Сад', 'https://novisad.travel/wp-content/uploads/2019/01/Dunavski-park-_ALE8018_compressed.jpg', 1, TRUE, '{"Description":"Njegove najznačajnije zbirke pesama su „Đulići“ i „Đulići uveoci“, prva o srećnom porodičnom životu, a druga o bolu za najmilijima."}', FALSE, FALSE),
		(-5, -3, 'Muzej savremene umetnosti Vojvodine', 'Ovaj muzej je epicentar savremene umetnosti u Novom Sadu. Njegova zbirka obuhvata dela domaćih i međunarodnih umetnika, pružajući posetiocima uvid u širok spektar umetničkih izraza. Prostori muzeja su moderni i inovativni, nudeći iskustvo koje istražuje granice umetnosti i kulture', 19.853335, 45.256402, 'Muzej savremene umetnosti', 'https://sremskevesti.rs/wp-content/uploads/2023/10/0033-1024x665-1-860x558.jpg', 0, true, '{"Images": [""], "Description": ""}', false, false),
		(-6, -3, 'Dunavski park', 'Dunavski park je oaza prirode usred grada, savršeno mesto za opuštanje i šetnju. Sa šarmantnim stazama, cvetnim alejama i jezerom, posetioci mogu uživati u mirnom okruženju. Park takođe često domaćin različitim kulturnim događajima, koncertima i umetničkim izložbama.', 19.850515, 45.25436, 'Dunavski park', 'https://novisad.travel/wp-content/uploads/2019/01/Dunavski-park-_ALE8018_compressed.jpg', 1, true, '{"Images": [""], "Description": ""}', false, false),
		(-7, -3, 'Petrovaradinska tvrđava', 'Petrovaradinska tvrđava je monumentalna tvrđava koja dominira horizontom Novog Sada. Sa svojim impozantnim bastionima, kamenim zidinama i nezaboravnim pogledom na Dunav, tvrđava predstavlja istorijski biser. Posetioci mogu istražiti unikatne podzemne prolaze, uživati u pogledu sa čuvenih Petrovaradinskih satova i doživeti spoj prošlosti i savremene umetnosti tokom EXIT festivala koji se održava unutar tvrđave.', 19.861115, 45.253437, 'Petrovoradinska tvrđava', 'https://live.staticflickr.com/65535/50079707932_124f7b7949_b.jpg', 2, true, '{"Images": [""], "Description": ""}', false, false),
		-- (-8, -4, 'Kej žrtava racije', 'U Novom Sadu, na keju koji danas nosi ime Kej žrtava racije, fašistički okupator je u takozvanoj „januarskoj raciji“ od 21. do 23. januara 1942. izvršio masovno streljanje više od hiljadu nedužnih građana Novog Sada.', 19.855529, 45.252574, 'Сунчани кеј, Нови Сад', 'https://dobrocinstvo.rs/wp-content/uploads/2021/02/manastir-naslovna-3.jpg', 0, TRUE, '{"Description":"Spomenik je rad vajara Jovana Soldatovića i otkriven je 1971. godine."}', FALSE, FALSE),
		-- (-9, -4, 'Štrand', 'Štrand je popularna plaža u Novom Sadu. Nalazi se na Dunavu, u blizini Mosta slobode i važi za jednu od najuređenijih plaža na celom toku reke.', 19.847114, 45.236624, 'Сунчани кеј, Нови Сад', 'https://live.staticflickr.com/65535/50079707932_124f7b7949_b.jpg', 1, TRUE, '{"Description":"Ulaz u plažu je besplatan preko godine."}', FALSE, FALSE),
		-- (-10, -5, 'Trg Svetozara Miletića', 'Svetozar Miletić (Mošorin, 22. februar 1826 — Vršac, 4. februar 1901) bio je advokat, političar i gradonačelnik Novog Sada. Miletić je bio jedan od najznačajnijih i najuticajnijih srpskih političara u Austrougarskoj druge polovine XIX veka.', 19.844811, 45.255049, 'Нови Сад', 'https://karlovci.org.rs/wp-content/uploads/2022/05/patrijarsijski-dvor-8.jpg', 0, TRUE, '{"Description":"Bio je predsednik Družine za ujedinjenje i oslobođenje Srbije sa sedištem na Cetinju, a tada mu je najbliži saradnik na Cetinju Aleksandar Sandić."}', FALSE, FALSE),
		-- (-11, -5, 'Trg Jovana Jovanovića Zmaja', 'Jovan Jovanović Zmaj (Novi Sad, 6. decembar 1833 — Sremska Kamenica, 14. jun 1904) bio je srpski pesnik, dramski pisac, prevodilac i lekar. Smatra se za jednog od najvećih liričara srpskog romantizma.', 19.847880, 45.256936, 'Змај Јовина 26, Нови Сад', 'https://novisad.travel/wp-content/uploads/2019/01/Dunavski-park-_ALE8018_compressed.jpg', 1, TRUE, '{"Description":"Njegove najznačajnije zbirke pesama su „Đulići“ i „Đulići uveoci“, prva o srećnom porodičnom životu, a druga o bolu za najmilijima."}', FALSE, FALSE),
		-- (-12, -6, 'Muzej savremene umetnosti Vojvodine', 'Ovaj muzej je epicentar savremene umetnosti u Novom Sadu. Njegova zbirka obuhvata dela domaćih i međunarodnih umetnika, pružajući posetiocima uvid u širok spektar umetničkih izraza. Prostori muzeja su moderni i inovativni, nudeći iskustvo koje istražuje granice umetnosti i kulture', 19.853335, 45.256402, 'Muzej savremene umetnosti', 'https://hellovojvodina.com/wp-content/uploads/2018/03/POI0302-03.jpg', 0, true, '{"Images": [""], "Description": ""}', false, false),
		-- (-13, -6, 'Dunavski park', 'Dunavski park je oaza prirode usred grada, savršeno mesto za opuštanje i šetnju. Sa šarmantnim stazama, cvetnim alejama i jezerom, posetioci mogu uživati u mirnom okruženju. Park takođe često domaćin različitim kulturnim događajima, koncertima i umetničkim izložbama.', 19.850515, 45.25436, 'Dunavski park', 'https://public.flourish.studio/uploads/1216465/9acc28fd-bd39-45a7-a228-2153909769db.jpg', 1, true, '{"Images": [""], "Description": ""}', false, false),
		-- (-14, -7, 'Petrovaradinska tvrđava', 'Petrovaradinska tvrđava je monumentalna tvrđava koja dominira horizontom Novog Sada. Sa svojim impozantnim bastionima, kamenim zidinama i nezaboravnim pogledom na Dunav, tvrđava predstavlja istorijski biser. Posetioci mogu istražiti unikatne podzemne prolaze, uživati u pogledu sa čuvenih Petrovaradinskih satova i doživeti spoj prošlosti i savremene umetnosti tokom EXIT festivala koji se održava unutar tvrđave.', 19.861115, 45.253437, 'Petrovoradinska tvrđava', 'https://karlovci.org.rs/wp-content/uploads/2022/05/patrijarsijski-dvor-6.jpg', 2, true, '{"Images": [""], "Description": ""}', false, false),
		-- (-15, -7, 'Kej žrtava racije', 'U Novom Sadu, na keju koji danas nosi ime Kej žrtava racije, fašistički okupator je u takozvanoj „januarskoj raciji“ od 21. do 23. januara 1942. izvršio masovno streljanje više od hiljadu nedužnih građana Novog Sada.', 19.855529, 45.252574, 'Сунчани кеј, Нови Сад', 'https://www.serbia.travel/files/1-Kalemegdan%20%2C%20Beograd%20%2C%20Leto%20%2C%20Pobednik%20%2C%20Shutterstock%20(2)-0-1280x768.jpg', 0, TRUE, '{"Description":"Spomenik je rad vajara Jovana Soldatovića i otkriven je 1971. godine."}', FALSE, FALSE),
		-- (-16, -8, 'Štrand', 'Štrand je popularna plaža u Novom Sadu. Nalazi se na Dunavu, u blizini Mosta slobode i važi za jednu od najuređenijih plaža na celom toku reke.', 19.847114, 45.236624, 'Сунчани кеј, Нови Сад', 'https://live.staticflickr.com/65535/50079707932_124f7b7949_b.jpg', 1, TRUE, '{"Description":"Ulaz u plažu je besplatan preko godine."}', FALSE, FALSE),
		-- (-17, -8, 'Trg Svetozara Miletića', 'Svetozar Miletić (Mošorin, 22. februar 1826 — Vršac, 4. februar 1901) bio je advokat, političar i gradonačelnik Novog Sada. Miletić je bio jedan od najznačajnijih i najuticajnijih srpskih političara u Austrougarskoj druge polovine XIX veka.', 19.844811, 45.255049, 'Нови Сад', 'https://novisad.travel/wp-content/uploads/2019/01/Dunavski-park-_ALE8018_compressed.jpg', 0, TRUE, '{"Description":"Bio je predsednik Družine za ujedinjenje i oslobođenje Srbije sa sedištem na Cetinju, a tada mu je najbliži saradnik na Cetinju Aleksandar Sandić."}', FALSE, FALSE),
		-- (-18, -9, 'Trg Jovana Jovanovića Zmaja', 'Jovan Jovanović Zmaj (Novi Sad, 6. decembar 1833 — Sremska Kamenica, 14. jun 1904) bio je srpski pesnik, dramski pisac, prevodilac i lekar. Smatra se za jednog od najvećih liričara srpskog romantizma.', 19.847880, 45.256936, 'Змај Јовина 26, Нови Сад', 'https://novisad.travel/wp-content/uploads/2019/01/Dunavski-park-_ALE8018_compressed.jpg', 1, TRUE, '{"Description":"Njegove najznačajnije zbirke pesama su „Đulići“ i „Đulići uveoci“, prva o srećnom porodičnom životu, a druga o bolu za najmilijima."}', FALSE, FALSE),
		-- (-19, -9, 'Muzej savremene umetnosti Vojvodine', 'Ovaj muzej je epicentar savremene umetnosti u Novom Sadu. Njegova zbirka obuhvata dela domaćih i međunarodnih umetnika, pružajući posetiocima uvid u širok spektar umetničkih izraza. Prostori muzeja su moderni i inovativni, nudeći iskustvo koje istražuje granice umetnosti i kulture', 19.853335, 45.256402, 'Muzej savremene umetnosti', 'https://sremskevesti.rs/wp-content/uploads/2023/10/0033-1024x665-1-860x558.jpg', 0, true, '{"Images": [""], "Description": ""}', false, false),
		-- (-20, -10, 'Dunavski park', 'Dunavski park je oaza prirode usred grada, savršeno mesto za opuštanje i šetnju. Sa šarmantnim stazama, cvetnim alejama i jezerom, posetioci mogu uživati u mirnom okruženju. Park takođe često domaćin različitim kulturnim događajima, koncertima i umetničkim izložbama.', 19.850515, 45.25436, 'Dunavski park', 'https://novisad.travel/wp-content/uploads/2019/01/Dunavski-park-_ALE8018_compressed.jpg', 1, true, '{"Images": [""], "Description": ""}', false, false),
		-- (-21, -10, 'Petrovaradinska tvrđava', 'Petrovaradinska tvrđava je monumentalna tvrđava koja dominira horizontom Novog Sada. Sa svojim impozantnim bastionima, kamenim zidinama i nezaboravnim pogledom na Dunav, tvrđava predstavlja istorijski biser. Posetioci mogu istražiti unikatne podzemne prolaze, uživati u pogledu sa čuvenih Petrovaradinskih satova i doživeti spoj prošlosti i savremene umetnosti tokom EXIT festivala koji se održava unutar tvrđave.', 19.861115, 45.253437, 'Petrovoradinska tvrđava', 'https://live.staticflickr.com/65535/50079707932_124f7b7949_b.jpg', 2, true, '{"Images": [""], "Description": ""}', false, false),
		-- (-22, -11, 'Kej žrtava racije', 'U Novom Sadu, na keju koji danas nosi ime Kej žrtava racije, fašistički okupator je u takozvanoj „januarskoj raciji“ od 21. do 23. januara 1942. izvršio masovno streljanje više od hiljadu nedužnih građana Novog Sada.', 19.855529, 45.252574, 'Сунчани кеј, Нови Сад', 'https://sremskevesti.rs/wp-content/uploads/2023/10/0033-1024x665-1-860x558.jpg', 0, TRUE, '{"Description":"Spomenik je rad vajara Jovana Soldatovića i otkriven je 1971. godine."}', FALSE, FALSE),
		-- (-23, -11, 'Štrand', 'Štrand je popularna plaža u Novom Sadu. Nalazi se na Dunavu, u blizini Mosta slobode i važi za jednu od najuređenijih plaža na celom toku reke.', 19.847114, 45.236624, 'Сунчани кеј, Нови Сад', 'https://live.staticflickr.com/65535/50079707932_124f7b7949_b.jpg', 1, TRUE, '{"Description":"Ulaz u plažu je besplatan preko godine."}', FALSE, FALSE),
		-- (-24, -12, 'Trg Svetozara Miletića', 'Svetozar Miletić (Mošorin, 22. februar 1826 — Vršac, 4. februar 1901) bio je advokat, političar i gradonačelnik Novog Sada. Miletić je bio jedan od najznačajnijih i najuticajnijih srpskih političara u Austrougarskoj druge polovine XIX veka.', 19.844811, 45.255049, 'Нови Сад', 'https://novisad.travel/wp-content/uploads/2019/01/Dunavski-park-_ALE8018_compressed.jpg', 0, TRUE, '{"Description":"Bio je predsednik Družine za ujedinjenje i oslobođenje Srbije sa sedištem na Cetinju, a tada mu je najbliži saradnik na Cetinju Aleksandar Sandić."}', FALSE, FALSE),
		-- (-25, -12, 'Trg Jovana Jovanovića Zmaja', 'Jovan Jovanović Zmaj (Novi Sad, 6. decembar 1833 — Sremska Kamenica, 14. jun 1904) bio je srpski pesnik, dramski pisac, prevodilac i lekar. Smatra se za jednog od najvećih liričara srpskog romantizma.', 19.847880, 45.256936, 'Змај Јовина 26, Нови Сад', 'https://novisad.travel/wp-content/uploads/2019/01/Dunavski-park-_ALE8018_compressed.jpg', 1, TRUE, '{"Description":"Njegove najznačajnije zbirke pesama su „Đulići“ i „Đulići uveoci“, prva o srećnom porodičnom životu, a druga o bolu za najmilijima."}', FALSE, FALSE),
		-- (-26, -13, 'Muzej savremene umetnosti Vojvodine', 'Ovaj muzej je epicentar savremene umetnosti u Novom Sadu. Njegova zbirka obuhvata dela domaćih i međunarodnih umetnika, pružajući posetiocima uvid u širok spektar umetničkih izraza. Prostori muzeja su moderni i inovativni, nudeći iskustvo koje istražuje granice umetnosti i kulture', 19.853335, 45.256402, 'Muzej savremene umetnosti', 'https://sremskevesti.rs/wp-content/uploads/2023/10/0033-1024x665-1-860x558.jpg', 0, true, '{"Images": [""], "Description": ""}', false, false),
		-- (-27, -13, 'Dunavski park', 'Dunavski park je oaza prirode usred grada, savršeno mesto za opuštanje i šetnju. Sa šarmantnim stazama, cvetnim alejama i jezerom, posetioci mogu uživati u mirnom okruženju. Park takođe često domaćin različitim kulturnim događajima, koncertima i umetničkim izložbama.', 19.850515, 45.25436, 'Dunavski park', 'https://www.serbia.travel/files/1-Kalemegdan%20%2C%20Beograd%20%2C%20Leto%20%2C%20Pobednik%20%2C%20Shutterstock%20(2)-0-1280x768.jpg', 1, true, '{"Images": [""], "Description": ""}', false, false),
		-- (-28, -14, 'Petrovaradinska tvrđava', 'Petrovaradinska tvrđava je monumentalna tvrđava koja dominira horizontom Novog Sada. Sa svojim impozantnim bastionima, kamenim zidinama i nezaboravnim pogledom na Dunav, tvrđava predstavlja istorijski biser. Posetioci mogu istražiti unikatne podzemne prolaze, uživati u pogledu sa čuvenih Petrovaradinskih satova i doživeti spoj prošlosti i savremene umetnosti tokom EXIT festivala koji se održava unutar tvrđave.', 19.861115, 45.253437, 'Petrovoradinska tvrđava', 'https://live.staticflickr.com/65535/50079707932_124f7b7949_b.jpg', 2, true, '{"Images": [""], "Description": ""}', false, false),
		-- (-29, -14, 'Kej žrtava racije', 'U Novom Sadu, na keju koji danas nosi ime Kej žrtava racije, fašistički okupator je u takozvanoj „januarskoj raciji“ od 21. do 23. januara 1942. izvršio masovno streljanje više od hiljadu nedužnih građana Novog Sada.', 19.855529, 45.252574, 'Сунчани кеј, Нови Сад', 'https://www.funfactory.hr/cdn/shop/articles/beograd-blog-zastoubeograd-cover_17e3a7e2-dd10-430c-9f92-4c65a72c515d.jpg?v=1677009141&width=1500', 0, TRUE, '{"Description":"Spomenik je rad vajara Jovana Soldatovića i otkriven je 1971. godine."}', FALSE, FALSE),
		-- (-30, -15, 'Štrand', 'Štrand je popularna plaža u Novom Sadu. Nalazi se na Dunavu, u blizini Mosta slobode i važi za jednu od najuređenijih plaža na celom toku reke.', 19.847114, 45.236624, 'Сунчани кеј, Нови Сад', 'https://trebinje.rs.ba/wp-content/uploads/2022/03/trebinje-grad-panorama-1.jpg', 1, TRUE, '{"Description":"Ulaz u plažu je besplatan preko godine."}', FALSE, FALSE),
		-- (-31, -15, 'Trg Svetozara Miletića', 'Svetozar Miletić (Mošorin, 22. februar 1826 — Vršac, 4. februar 1901) bio je advokat, političar i gradonačelnik Novog Sada. Miletić je bio jedan od najznačajnijih i najuticajnijih srpskih političara u Austrougarskoj druge polovine XIX veka.', 19.844811, 45.255049, 'Нови Сад', 'https://novisad.travel/wp-content/uploads/2019/01/Dunavski-park-_ALE8018_compressed.jpg', 0, TRUE, '{"Description":"Bio je predsednik Družine za ujedinjenje i oslobođenje Srbije sa sedištem na Cetinju, a tada mu je najbliži saradnik na Cetinju Aleksandar Sandić."}', FALSE, FALSE),
		-- (-32, -16, 'Trg Jovana Jovanovića Zmaja', 'Jovan Jovanović Zmaj (Novi Sad, 6. decembar 1833 — Sremska Kamenica, 14. jun 1904) bio je srpski pesnik, dramski pisac, prevodilac i lekar. Smatra se za jednog od najvećih liričara srpskog romantizma.', 19.847880, 45.256936, 'Змај Јовина 26, Нови Сад', 'https://encrypted-tbn0.gstatic.com/images?q=tbn:ANd9GcQauocYA28AxaUrRXpOFRHFxJo4ggVJprCKjrQH3Fdq6fQ4rhZqEYRZFucQiyBtg3qTCzU&usqp=CAU', 1, TRUE, '{"Description":"Njegove najznačajnije zbirke pesama su „Đulići“ i „Đulići uveoci“, prva o srećnom porodičnom životu, a druga o bolu za najmilijima."}', FALSE, FALSE),
		-- (-33, -16, 'Muzej savremene umetnosti Vojvodine', 'Ovaj muzej je epicentar savremene umetnosti u Novom Sadu. Njegova zbirka obuhvata dela domaćih i međunarodnih umetnika, pružajući posetiocima uvid u širok spektar umetničkih izraza. Prostori muzeja su moderni i inovativni, nudeći iskustvo koje istražuje granice umetnosti i kulture', 19.853335, 45.256402, 'Muzej savremene umetnosti', 'https://sremskevesti.rs/wp-content/uploads/2023/10/0033-1024x665-1-860x558.jpg', 0, true, '{"Images": [""], "Description": ""}', false, false),
		-- (-34, -17, 'Dunavski park', 'Dunavski park je oaza prirode usred grada, savršeno mesto za opuštanje i šetnju. Sa šarmantnim stazama, cvetnim alejama i jezerom, posetioci mogu uživati u mirnom okruženju. Park takođe često domaćin različitim kulturnim događajima, koncertima i umetničkim izložbama.', 19.850515, 45.25436, 'Dunavski park', 'https://novisad.travel/wp-content/uploads/2019/01/Dunavski-park-_ALE8018_compressed.jpg', 1, true, '{"Images": [""], "Description": ""}', false, false),
		-- (-35, -17, 'Petrovaradinska tvrđava', 'Petrovaradinska tvrđava je monumentalna tvrđava koja dominira horizontom Novog Sada. Sa svojim impozantnim bastionima, kamenim zidinama i nezaboravnim pogledom na Dunav, tvrđava predstavlja istorijski biser. Posetioci mogu istražiti unikatne podzemne prolaze, uživati u pogledu sa čuvenih Petrovaradinskih satova i doživeti spoj prošlosti i savremene umetnosti tokom EXIT festivala koji se održava unutar tvrđave.', 19.861115, 45.253437, 'Petrovoradinska tvrđava', 'https://live.staticflickr.com/65535/50079707932_124f7b7949_b.jpg', 2, true, '{"Images": [""], "Description": ""}', false, false),
		-- (-36, -18, 'Kej žrtava racije', 'U Novom Sadu, na keju koji danas nosi ime Kej žrtava racije, fašistički okupator je u takozvanoj „januarskoj raciji“ od 21. do 23. januara 1942. izvršio masovno streljanje više od hiljadu nedužnih građana Novog Sada.', 19.855529, 45.252574, 'Сунчани кеј, Нови Сад', 'https://sremskevesti.rs/wp-content/uploads/2023/10/0033-1024x665-1-860x558.jpg', 0, TRUE, '{"Description":"Spomenik je rad vajara Jovana Soldatovića i otkriven je 1971. godine."}', FALSE, FALSE),
		-- (-37, -18, 'Štrand', 'Štrand je popularna plaža u Novom Sadu. Nalazi se na Dunavu, u blizini Mosta slobode i važi za jednu od najuređenijih plaža na celom toku reke.', 19.847114, 45.236624, 'Сунчани кеј, Нови Сад', 'https://www.funtravelnis.rs/wp-content/uploads/2017/11/trebinje-4607172__340.jpg', 1, TRUE, '{"Description":"Ulaz u plažu je besplatan preko godine."}', FALSE, FALSE),
		-- (-38, -19, 'Trg Svetozara Miletića', 'Svetozar Miletić (Mošorin, 22. februar 1826 — Vršac, 4. februar 1901) bio je advokat, političar i gradonačelnik Novog Sada. Miletić je bio jedan od najznačajnijih i najuticajnijih srpskih političara u Austrougarskoj druge polovine XIX veka.', 19.844811, 45.255049, 'Нови Сад', 'https://novisad.travel/wp-content/uploads/2019/01/Dunavski-park-_ALE8018_compressed.jpg', 0, TRUE, '{"Description":"Bio je predsednik Družine za ujedinjenje i oslobođenje Srbije sa sedištem na Cetinju, a tada mu je najbliži saradnik na Cetinju Aleksandar Sandić."}', FALSE, FALSE),
		-- (-39, -19, 'Trg Jovana Jovanovića Zmaja', 'Jovan Jovanović Zmaj (Novi Sad, 6. decembar 1833 — Sremska Kamenica, 14. jun 1904) bio je srpski pesnik, dramski pisac, prevodilac i lekar. Smatra se za jednog od najvećih liričara srpskog romantizma.', 19.847880, 45.256936, 'Змај Јовина 26, Нови Сад', 'https://novisad.travel/wp-content/uploads/2019/01/Dunavski-park-_ALE8018_compressed.jpg', 1, TRUE, '{"Description":"Njegove najznačajnije zbirke pesama su „Đulići“ i „Đulići uveoci“, prva o srećnom porodičnom životu, a druga o bolu za najmilijima."}', FALSE, FALSE),
		-- (-40, -20, 'Muzej savremene umetnosti Vojvodine', 'Ovaj muzej je epicentar savremene umetnosti u Novom Sadu. Njegova zbirka obuhvata dela domaćih i međunarodnih umetnika, pružajući posetiocima uvid u širok spektar umetničkih izraza. Prostori muzeja su moderni i inovativni, nudeći iskustvo koje istražuje granice umetnosti i kulture', 19.853335, 45.256402, 'Muzej savremene umetnosti', 'https://chasingthedonkey.b-cdn.net/wp-content/uploads/2018/09/Novi-Sad-Serbia_shutterstock_3285831_eTbtl.jpg', 0, true, '{"Images": [""], "Description": ""}', false, false),
		-- (-41, -20, 'Dunavski park', 'Dunavski park je oaza prirode usred grada, savršeno mesto za opuštanje i šetnju. Sa šarmantnim stazama, cvetnim alejama i jezerom, posetioci mogu uživati u mirnom okruženju. Park takođe često domaćin različitim kulturnim događajima, koncertima i umetničkim izložbama.', 19.850515, 45.25436, 'Dunavski park', 'https://novisad.travel/wp-content/uploads/2019/01/Dunavski-park-_ALE8018_compressed.jpg', 1, true, '{"Images": [""], "Description": ""}', false, false),
		
		(-42, -21, 'Muzej Vojvodine', 'Lorem ipsum.', 19.861115, 45.253437, 'Petrovoradinska tvrđava', 'https://www.funtravelnis.rs/wp-content/uploads/2017/11/trebinje-4607172__340.jpg', 2, true, '{"Images": [""], "Description": ""}', false, false),
		(-43, -21, 'Mileticev Spomenik', 'Lorem ipsum.', 19.855529, 45.252574, 'Сунчани кеј, Нови Сад', 'https://sremskevesti.rs/wp-content/uploads/2023/10/0033-1024x665-1-860x558.jpg', 0, TRUE, '{"Description":"Spomenik je rad vajara Jovana Soldatovića i otkriven je 1971. godine."}', FALSE, FALSE),
		(-44, -22, 'Saborna crkva', 'Lorem ipsum.', 19.847114, 45.236624, 'Сунчани кеј, Нови Сад', 'https://www.funtravelnis.rs/wp-content/uploads/2017/11/trebinje-4607172__340.jpg', 1, TRUE, '{"Description":"Ulaz u plažu je besplatan preko godine."}', FALSE, FALSE),
		(-45, -22, 'Matica srpska', 'Lorem ipsum.', 19.844811, 45.255049, 'Нови Сад', 'https://novisad.travel/wp-content/uploads/2019/01/Dunavski-park-_ALE8018_compressed.jpg', 0, TRUE, '{"Description":"Bio je predsednik Družine za ujedinjenje i oslobođenje Srbije sa sedištem na Cetinju, a tada mu je najbliži saradnik na Cetinju Aleksandar Sandić."}', FALSE, FALSE),
		(-46, -23, 'Dunavski park', 'Lorem ipsum.', 19.847880, 45.256936, 'Змај Јовина 26, Нови Сад', 'https://novisad.travel/wp-content/uploads/2019/01/Dunavski-park-_ALE8018_compressed.jpg', 1, TRUE, '{"Description":"Njegove najznačajnije zbirke pesama su „Đulići“ i „Đulići uveoci“, prva o srećnom porodičnom životu, a druga o bolu za najmilijima."}', FALSE, FALSE),
		(-47, -23, 'Futoski park', 'Lorem ipsum.', 19.853335, 45.256402, 'Muzej savremene umetnosti', 'https://chasingthedonkey.b-cdn.net/wp-content/uploads/2018/09/Novi-Sad-Serbia_shutterstock_3285831_eTbtl.jpg', 0, true, '{"Images": [""], "Description": ""}', false, false),
		(-48, -24, 'KC lab', 'Lorem ipsum.', 19.850515, 45.25436, 'Dunavski park', 'https://novisad.travel/wp-content/uploads/2019/01/Dunavski-park-_ALE8018_compressed.jpg', 1, true, '{"Images": [""], "Description": ""}', false, false),
		(-49, -24, 'Petrovaradinska tvrđava', 'Petrovaradinska tvrđava je monumentalna tvrđava koja dominira horizontom Novog Sada. Sa svojim impozantnim bastionima, kamenim zidinama i nezaboravnim pogledom na Dunav, tvrđava predstavlja istorijski biser. Posetioci mogu istražiti unikatne podzemne prolaze, uživati u pogledu sa čuvenih Petrovaradinskih satova i doživeti spoj prošlosti i savremene umetnosti tokom EXIT festivala koji se održava unutar tvrđave.', 19.861115, 45.253437, 'Petrovoradinska tvrđava', 'https://www.funtravelnis.rs/wp-content/uploads/2017/11/trebinje-4607172__340.jpg', 2, true, '{"Images": [""], "Description": ""}', false, false),
		(-50, -25, 'Plava frajla', 'Lorem ipsum.', 19.855529, 45.252574, 'Сунчани кеј, Нови Сад', 'https://sremskevesti.rs/wp-content/uploads/2023/10/0033-1024x665-1-860x558.jpg', 0, TRUE, '{"Description":"Spomenik je rad vajara Jovana Soldatovića i otkriven je 1971. godine."}', FALSE, FALSE),
		(-51, -25, 'Grcki giros', 'Stadion Vojvodine.', 19.847114, 45.236624, 'Сунчани кеј, Нови Сад', 'https://www.funtravelnis.rs/wp-content/uploads/2017/11/trebinje-4607172__340.jpg', 1, TRUE, '{"Description":"Ulaz u plažu je besplatan preko godine."}', FALSE, FALSE),
		(-52, -26, 'Vinarija Kovacevic', 'Lorem ipsum.', 19.844811, 45.255049, 'Нови Сад', 'https://novisad.travel/wp-content/uploads/2019/01/Dunavski-park-_ALE8018_compressed.jpg', 0, TRUE, '{"Description":"Bio je predsednik Družine za ujedinjenje i oslobođenje Srbije sa sedištem na Cetinju, a tada mu je najbliži saradnik na Cetinju Aleksandar Sandić."}', FALSE, FALSE),
		(-53, -26, 'Karlovacke vinarije', 'Lorem ipsum.', 19.847880, 45.256936, 'Змај Јовина 26, Нови Сад', 'https://novisad.travel/wp-content/uploads/2019/01/Dunavski-park-_ALE8018_compressed.jpg', 1, TRUE, '{"Description":"Njegove najznačajnije zbirke pesama su „Đulići“ i „Đulići uveoci“, prva o srećnom porodičnom životu, a druga o bolu za najmilijima."}', FALSE, FALSE),
		(-54, -27, 'Laze Teleckog', 'Lorem ipsum.', 19.853335, 45.256402, 'Muzej savremene umetnosti', 'https://chasingthedonkey.b-cdn.net/wp-content/uploads/2018/09/Novi-Sad-Serbia_shutterstock_3285831_eTbtl.jpg', 0, true, '{"Images": [""], "Description": ""}', false, false),
		(-55, -27, 'Splavovi na Ribarcu', 'Lorem ipsum.', 19.850515, 45.25436, 'Dunavski park', 'https://novisad.travel/wp-content/uploads/2019/01/Dunavski-park-_ALE8018_compressed.jpg', 1, true, '{"Images": [""], "Description": ""}', false, false),
		(-56, -28, 'Petrovaradinska tvrđava', 'Petrovaradinska tvrđava je monumentalna tvrđava koja dominira horizontom Novog Sada. Sa svojim impozantnim bastionima, kamenim zidinama i nezaboravnim pogledom na Dunav, tvrđava predstavlja istorijski biser. Posetioci mogu istražiti unikatne podzemne prolaze, uživati u pogledu sa čuvenih Petrovaradinskih satova i doživeti spoj prošlosti i savremene umetnosti tokom EXIT festivala koji se održava unutar tvrđave.', 19.861115, 45.253437, 'Petrovoradinska tvrđava', 'https://www.funtravelnis.rs/wp-content/uploads/2017/11/trebinje-4607172__340.jpg', 2, true, '{"Images": [""], "Description": ""}', false, false),
		(-57, -28, 'Katedrala', 'Lorem ipsum', 19.861115, 45.253437, 'Petrovoradinska tvrđava', 'https://www.funtravelnis.rs/wp-content/uploads/2017/11/trebinje-4607172__340.jpg', 2, true, '{"Images": [""], "Description": ""}', false, false);





INSERT INTO tours."PublicKeyPoints" ("Id", "Name", "Description", "Longitude", "Latitude", "ImagePath", "Order", "LocationAddress") VALUES (-8, 'Tenk u parkiću', 'Dva srpska tenka jedan uz drugi, veoma blizu, čak i u kontaktu.', 19.853166, 45.256736, 'https://cdn.discordapp.com/attachments/783721881043206154/1187480628950728734/WhatsApp_Image_2023-12-21_at_13.12.05_3d992c74.jpg', 0, 'Park prisajedinjenja');
--INSERT INTO tours."PublicKeyPointRequests"(
--	"Id", "KeyPointId", "Status", "Comment", "AuthorId", "Created", "AuthorName")
--	VALUES (-1, -8, 0, '', -2, '2023-10-10', 'author');		
INSERT INTO payments."Coupons"(
	"Id", "Code", "Discount", "TourId", "ExpirationDate", "AllFromAuthor", "AuthorId")
	VALUES (-1, 'ZXItNZq3', 20, -21, '2023-12-29 01:00:00+01', true, -2);
